year,product_sector,value,global_demand_index,demand_growth_rate_pct,demand_3yr_ma,value_std,global_demand_index_std,demand_growth_rate_pct_std,demand_3yr_ma_std,value_minmax,global_demand_index_minmax,demand_growth_rate_pct_minmax,demand_3yr_ma_minmax,value_robust,global_demand_index_robust,demand_growth_rate_pct_robust,demand_3yr_ma_robust
2015,Agricultural Products,11007.890104,0.0637251945344016,,11007.890104,-0.21448659681930202,-0.22334133518127972,-0.04417860417700942,-0.21392515837150147,0.05252515029366024,0.06361803115892986,0.44700745750707577,0.05540080344880604,0.5280159766860987,0.5190014854567192,0.0,0.506549900744167
2016,Agricultural Products,9971.365942,0.0646525704601222,-9.41619285991374,10489.628023,-0.23968701658572375,-0.21943402567444306,-0.45335237199290684,-0.22679112280368627,0.047569104966404305,0.06454551322948524,0.39009618798466245,0.05278633950821206,0.44869263460471076,0.5309535710548643,-0.46706516516809066,0.46920545619440973
2017,Agricultural Products,10176.748441000002,0.0626261442523077,2.059722812247,10385.334829,-0.23469366922613105,-0.22797195960942654,-0.02325988192724457,-0.22938022313287462,0.048551122570803476,0.06251885508263819,0.4499170062945644,0.05226021420412605,0.4644101902806656,0.5048368487824978,0.023878379385962743,0.46169039471675927
2018,Agricultural Products,8674.170198,0.0492139158722941,-14.764816598457188,9607.428193666668,-0.2712249955991023,-0.28448165109874496,-0.6538072174145212,-0.2486919178693436,0.04136668234927722,0.04910509157676474,0.3622152712881744,0.048335927782662415,0.34942056211458333,0.3319791141640003,-0.6958810933869203,0.4056367255923655
2019,Agricultural Products,9145.108,0.057192533756755,5.429197159499877,9332.008879666668,-0.2597753538740346,-0.2508653703147171,0.10302072640259183,-0.2555292598778953,0.04361842830812375,0.05708462267134205,0.4674811570329549,0.04694652676068,0.3854605906412922,0.43480809782116214,0.16802562885880745,0.38579081813226485
2020,Agricultural Products,9326.06,0.0811257973803063,1.9786753748561647,9048.446066,-0.2553759712790599,-0.15002744052560033,-0.026297364526164893,-0.26256876596694984,0.04448363371957041,0.0810206256287951,0.4494945281093681,0.04551604442673346,0.39930852388060556,0.7432616683075736,0.020411142668094143,0.36535811398590845
2021,Agricultural Products,10786.671263,0.0708718163166492,15.66161125920269,9752.613087666668,-0.21986496411436302,-0.1932305004517234,0.48650946797640954,-0.24508767254487326,0.051467412670715154,0.07076547092336488,0.5208199408142712,0.049068338437421394,0.5110864940528794,0.6111076453320908,0.605771756572128,0.4160983229621437
2022,Agricultural Products,12834.879324,0.0613621684403775,18.988323747527925,10982.536862333334,-0.17006805170416422,-0.2332974641533675,0.6111874543533292,-0.21455455789248226,0.06126073188324596,0.061254734599598896,0.5381611856454922,0.05527290457573633,0.6678321972722505,0.4885466403792162,0.748089639291731,0.5047230205569255
2023,Agricultural Products,11793.402072,0.0599276505991036,-8.114429639026977,11804.984219666669,-0.19538889311796945,-0.23934151278939506,-0.4045651029730336,-0.19413713042725542,0.05628100380989503,0.05982005256745587,0.3968819245954751,0.059421884479177914,0.5881298040632248,0.47005847440957493,-0.4113752953494571,0.5639861633895362
2024,Agricultural Products,11924.018211,0.0631555380765238,1.1075357068518032,12184.099868999998,-0.19221329755373476,-0.22574146659699157,-0.058945794482467055,-0.1847255052306066,0.05690553291311063,0.0630483094997794,0.4449535146259163,0.061334399847048054,0.5981256237991154,0.5116597133045024,-0.01685650626115046,0.5913041244434412
2015,Automotive Products,4661.574516000001,0.0269860745394583,,4661.574516000001,-0.36878094194985533,-0.3781341315518699,-0.04417860417700942,-0.3714737686674334,0.02218082367949789,0.026874706107856087,0.44700745750707577,0.02338570169094566,0.04234378418069274,0.04550514508224897,0.0,0.049253024781278146
2016,Automotive Products,3294.518429,0.0213610739092353,-29.32605887362374,3978.0464725,-0.40201739557016364,-0.4018339255931641,-1.1995310731385849,-0.3884424951447846,0.015644370232044978,0.021249061655914243,0.28631148692852576,0.019937524624494402,-0.06227457553444206,-0.02699025528066844,-1.3188159510403834,0.0
2017,Automotive Products,3319.445973,0.0204273598338461,0.7566369573342113,3758.512972666667,-0.4014113464344312,-0.4057679396022087,-0.07209672040875809,-0.39389246014141094,0.015763559000131953,0.02031524071024352,0.44312437515332626,0.018830049391193194,-0.060366915132058864,-0.039024027393712246,-0.03186807316257537,-0.015818939706183217
2018,Automotive Products,4425.308463,0.0251075034770759,33.31467055029549,3679.757621666666,-0.37452514351353833,-0.386049107957594,1.1481079359924553,-0.395847578182953,0.021051139190811696,0.02499592002952438,0.6128405239759419,0.01843275421397122,0.02426276529911036,0.02129399023439536,1.360975589379673,-0.02149381916628439
2019,Automotive Products,3750.508,0.0234552785374409,-15.248665005886174,3831.754145333334,-0.39093118164521456,-0.39301042109396017,-0.671940808869037,-0.39207423272897396,0.017824642593734497,0.02334350598087936,0.3596931015112946,0.019199527328946888,-0.027378508417023235,0.0,-0.7165802915124582,-0.010541395753648644
2020,Automotive Products,1821.155,0.0158419151847759,-51.44244459683862,3332.323821,-0.43783843886128426,-0.4250877763301932,-2.0284053589635844,-0.4044726948677218,0.008599617967364788,0.015729271224102233,0.17102480046134982,0.016680063486851412,-0.175028446185432,-0.09812155778157329,-2.264962394589092,-0.04652887918586492
2021,Automotive Products,1848.500741,0.0121452301440496,1.5015603284728618,2473.387913666667,-0.43717359748344875,-0.44066300553639387,-0.04417860417700942,-0.42579595820960814,0.008730369122882376,0.012032163071224768,0.44700745750707577,0.01234701069496797,-0.1729357254874151,-0.14576469236241982,0.0,-0.10842127984406594
2022,Automotive Products,1685.444353,0.0080579269718787,-8.821007445839047,1785.0333646666668,-0.4411378942879419,-0.4578840246495844,-0.43104611041840457,-0.44288450369431354,0.007950729940842132,0.007944392077852283,0.3931987272096969,0.008874485475233958,-0.18541413951581814,-0.1984421406597731,-0.4416029323319301,-0.15802208844673818
2023,Automotive Products,3498.757163,0.0177787796528349,107.586631784811,2344.234085666667,-0.39705185591556313,-0.4169271925371423,3.931660348015241,-0.42900222897154044,0.016620919028874057,0.017666357380209458,1.0,0.01169547156356145,-0.046644550150285506,-0.07315911345646404,4.538355151161413,-0.11772772564621382
2024,Automotive Products,3801.795702,0.0201362031630685,8.661319573838622,2995.332406,-0.3896842530480449,-0.4069946689103091,0.22415368146187678,-0.412838577146772,0.01806987004251132,0.02002405071449397,0.4843293296081996,0.014980051205213462,-0.02345355222259707,-0.04277647486953044,0.3062969162975465,-0.0708114915408516
2015,Chemicals,7190.111749,0.0416238957329903,,7190.111749,-0.3073060608012319,-0.3164606544617444,-0.04417860417700942,-0.30870230361550177,0.03427079282621066,0.04151420270514722,0.44700745750707577,0.036141351121002606,0.23584822069259823,0.234158405343987,0.0,0.23145199698384786
2016,Chemicals,6999.367971,0.0453826620699305,-2.6528624958649494,7094.73986,-0.3119435053005075,-0.3006238583632343,-0.19987738311101722,-0.31106993068429417,0.033358768925256924,0.045273399259888776,0.42535158445460075,0.03566023090426649,0.22125094017865848,0.2826016479994698,-0.17772761017270905,0.2245797785620527
2017,Chemicals,6739.077480999999,0.041471246036923,-3.718771338761495,6976.185733666666,-0.31827179927539273,-0.3171038128531982,-0.2398253403390845,-0.31401306163794274,0.03211421379187291,0.04136153553722593,0.4197952923862898,0.03506216382648789,0.201331374059753,0.23219104541655572,-0.22332755012108357,0.21603711615376417
2018,Chemicals,6890.658235000001,0.0390949528244454,2.24928047536721,6876.367895666666,-0.3145865030041123,-0.32711584012566663,-0.016155670841049935,-0.3164910603194738,0.03283898328119586,0.038984970340924484,0.4509051186900111,0.034558615240460715,0.2129315783225233,0.2015652127912859,0.031987720173066746,0.2088445356950992
2019,Chemicals,7143.237,0.0446730452231948,3.665524488169592,6924.324238666667,-0.3084456997933094,-0.3036136843599653,0.036922090568822355,-0.31530053408582553,0.03404666550794391,0.04456370119240875,0.458287612444114,0.03480053942147418,0.23226097990630368,0.2734560565959829,0.09257511689691734,0.21230012902833528
2020,Chemicals,6662.157,0.057952961797135,-6.734761845365068,6898.684078333333,-0.32014192298393696,-0.24766146170652975,-0.3528581391201245,-0.31593705642264724,0.031746425558461404,0.05784513774817239,0.40407375649546784,0.034671193136881634,0.19544478708849064,0.4446085474314853,-0.35235264162165086,0.21045257432402906
2021,Chemicals,8193.536737,0.0538341084519969,22.986245100498227,7332.976912333334,-0.2829103623421383,-0.26501541104505605,0.761020896747554,-0.30515564608945184,0.039068577485116905,0.053725812970688826,0.5590012592139557,0.03686205948766791,0.31263854212857517,0.39152447830488496,0.9191220637140359,0.2417464413697834
2022,Chemicals,10722.088852,0.051261145941501,30.860325597634542,8525.927529666667,-0.22143511937595117,-0.2758560643326463,1.0561243973951135,-0.2755403977920108,0.051158617788749375,0.05115255596615552,0.6000466931673794,0.04288010805087608,0.50614411753335,0.35836395805267973,1.255977884182102,0.3277069617567713
2023,Chemicals,9067.683388,0.0460770317590983,-15.429880192527987,9327.769659,-0.26165773423156297,-0.29769827315825237,-0.6787323619866295,-0.255634499416571,0.043248229618517896,0.04596784842465421,0.3587484761702952,0.04692514126871455,0.3795354234253689,0.291550732973012,-0.7243327383409738,0.385485352332384
2024,Chemicals,9135.156964,0.0483843401834706,0.7441104096035378,9641.643068,-0.26001728772710264,-0.2879768992345665,-0.072566188315226,-0.24784252646610816,0.04357084834107889,0.04827542093704593,0.44305907767665825,0.04850853071553345,0.3846990556364842,0.3212874848387572,-0.0324039631010873,0.4081021490222498
2015,Clothing,423.878663,0.0024538535544465,,423.878663,-0.4718096201544881,-0.4814956461437796,-0.04417860417700942,-0.47667545352524354,0.0019186691629372583,0.0023396772339710336,0.44700745750707577,0.0020079019154047844,-0.28195950763625005,-0.27066782964495345,0.0,-0.2561029015016916
2016,Clothing,468.912528,0.0030403457693252,10.624234935835863,446.3955955,-0.47071473752337345,-0.4790245806962906,0.29771950225973715,-0.47611646597186535,0.0021339944629967128,0.002926236577095701,0.4945614719994693,0.002121492529559785,-0.27851314641322816,-0.263109077082524,0.3902710977928244,-0.2544803974289368
2017,Clothing,512.172829,0.0031518327938461,9.22566543157064,468.32134,-0.46966297454052297,-0.47855485283435484,0.24530414318921578,-0.4755721547840936,0.002340839629261863,0.0030377363621072167,0.48727111063759754,0.0022321007921888365,-0.27520251287416475,-0.26167222453632394,0.33043982250776516,-0.2529004926284303
2018,Clothing,752.832321,0.00427128194005,46.98794593806928,577.9725593333334,-0.46381195780448103,-0.47383828194862265,1.660552713984964,-0.4728500403566474,0.003491530944054762,0.004157313637305378,0.6841155791471396,0.0027852555945544785,-0.25678527195600365,-0.24724468587900642,1.9459229239807685,-0.24499934757011196
2019,Clothing,885.503,0.0055378416765781,17.622872358053286,716.83605,-0.4605864113830208,-0.46850189056487235,0.5600132905707025,-0.46940272519054643,0.00412588364206917,0.005424018340691296,0.5310434599829624,0.0034857768217924183,-0.2466322219449157,-0.23092117567532564,0.6896751681318258,-0.23499325197233842
2020,Clothing,663.289,0.0057698373180727,-25.094663710907817,767.2081069999999,-0.46598897341029716,-0.4675244241993829,-1.040947537499757,-0.4681522283521757,0.003063387757529576,0.005656040535753175,0.30836859578653875,0.0037398874956544414,-0.26363786231827885,-0.2279311996703032,-1.1377954382605528,-0.23136358937795365
2021,Clothing,764.458754,0.0050227339903259,15.252741112848245,771.0835846666668,-0.4635292909813355,-0.4706721918458485,0.47118589952376816,-0.4680560188094654,0.003547121668376251,0.004908851696665089,0.5186886122618362,0.0037594380222770473,-0.2558955218123448,-0.23755991945505547,0.5882801537538415,-0.23108433383113183
2022,Clothing,713.6412670000001,0.0034118416329613,-6.647511946733486,713.7963403333333,-0.4647647875098522,-0.477459358568481,-0.34958820169356547,-0.46947818661805435,0.0033041425095467255,0.0032977749611013425,0.40452856641937296,0.0034704424733908515,-0.25978449329298986,-0.25832121248696055,-0.34862006151912506,-0.23521228452991075
2023,Clothing,938.771994,0.0047703283331808,31.546764097093604,805.6240050000001,-0.45929131276540175,-0.4717356516536671,1.081850627174362,-0.4671985456587693,0.004380584457042863,0.004656417149879842,0.6036249098369805,0.003933683229026911,-0.24255564101385452,-0.24081294116500573,1.2853439548007917,-0.22859545251190702
2024,Clothing,880.4858489999999,0.0046634914991207,-6.2087647876721945,844.2997033333332,-0.46070839050889817,-0.4721857868855894,-0.33314490744666936,-0.46623841336781247,0.004101894594171135,0.004549568087576821,0.40681563569000745,0.004128789570734727,-0.24701617554642086,-0.24218986173228152,-0.3298503100164099,-0.22580859519630828
2015,Electronic Data Processing And Office Equipment,631.5112310000001,0.0036558482748216,,631.5112310000001,-0.46676156815280195,-0.47643128630023523,-0.04417860417700942,-0.4715209316476316,0.00291144526613682,0.003541809531274171,0.44700745750707577,0.003055340811342316,-0.26606975820009454,-0.25517643787167804,0.0,-0.24114150801629847
2016,Electronic Data Processing And Office Equipment,459.314801,0.0029781158075794,-27.26735829025978,545.413016,-0.4709480815765761,-0.47928677396052755,-1.1223754294851036,-0.47365833782198885,0.0020881038105696175,0.002863999492683866,0.29704293155308503,0.002621003269161591,-0.27924764331155016,-0.2639111011689021,-1.2307440454560596,-0.2473454927062387
2017,Electronic Data Processing And Office Equipment,893.830115,0.0055004930153846,94.60076467250616,661.552049,-0.4603839589934514,-0.4686592515388868,3.4449781449086205,-0.47077516206488307,0.004165698979615804,0.005386665404675299,0.9323082166762338,0.0032068869851534505,-0.24599496271265478,-0.23140252782517146,3.982815374523923,-0.23897685483568049
2018,Electronic Data Processing And Office Equipment,362.101353,0.0020544242408218,-59.488794691147774,571.7487563333333,-0.47331157659806616,-0.48317856017157507,-2.3299651513901445,-0.47300454756635185,0.0016232866144347935,0.0019402022027928327,0.12908137208489323,0.0027538585290283577,-0.28668721478833664,-0.27581570249181575,-2.609187966549852,-0.24544781654853623
2019,Electronic Data Processing And Office Equipment,330.569,0.0020673434027719,-8.70815663591291,528.8334893333332,-0.4740782046815734,-0.4831241279150241,-0.4268167062267371,-0.474069928035157,0.0014725175571641007,0.0019531228434337988,0.3937869877014582,0.0025373649398080745,-0.2891003294221758,-0.27564919943172833,-0.43677513660619677,-0.24854016473987445
2020,Electronic Data Processing And Office Equipment,250.006,0.0021747593410144,-24.37100877577753,314.225451,-0.4760368868735301,-0.4826715527456239,-1.0138265162331472,-0.479397617421056,0.0010873129528360056,0.0020605510762018524,0.3121408115844039,0.0014547370606827444,-0.29526567186414276,-0.2742648153293678,-1.1068372359666172,-0.2640041901457218
2021,Electronic Data Processing And Office Equipment,272.51082,0.0017904816331602,9.001711958912995,284.36194000000006,-0.4754897400422653,-0.4842906285696997,0.23691085158043887,-0.4801389853204879,0.0011949176880565785,0.0016762293850042455,0.4861037022685883,0.0013040853431224326,-0.2935434182006145,-0.27921741322451327,0.3208590173831287,-0.2661560671042843
2022,Electronic Data Processing And Office Equipment,244.027901,0.0011666709742501,-10.452032326643046,255.514907,-0.47618222897912516,-0.48691892767734746,-0.49217339406042193,-0.48085511894121485,0.0010587292201059786,0.001052347326484251,0.38469663937280235,0.0011585614270641694,-0.2957231650990891,-0.28725712849589635,-0.5113787270582955,-0.26823469964134916
2023,Electronic Data Processing And Office Equipment,280.426733,0.0014249760307732,14.91584849553742,265.6551513333334,-0.475297284971995,-0.48583061195227356,0.4585598931288754,-0.4806033852572174,0.0012327669009093846,0.0013106819478761237,0.5169324829362271,0.0012097156676120371,-0.29293762752268765,-0.2839280749153875,0.5738677739140438,-0.26750402339450413
2024,Electronic Data Processing And Office Equipment,367.14504,0.0019445829537509,30.923694781980718,297.19989133333337,-0.47318895231758135,-0.4836413540540902,1.0584993373186433,-0.479820280496631,0.0016474025417859317,0.0018303483435977868,0.6003770194412483,0.0013688486396525143,-0.2863012304341654,-0.2772313446590002,1.258688839269885,-0.26523100200830996
2015,Food,10243.046248,0.0592974774104515,,10243.046248,-0.2330818085216305,-0.2419966191197224,-0.04417860417700942,-0.23291256688204431,0.04886811946160018,0.05918980725095666,0.44700745750707577,0.05154241450814022,0.4694838429910466,0.4619367584112073,0.0,0.45143749716159726
2016,Food,9291.262409,0.0602428996243288,-9.291999820715835,9767.1543285,-0.2562219852285738,-0.23801327525473367,-0.4486978855882161,-0.2447266832033407,0.044317252225922886,0.060135337675196014,0.39074357242399177,0.04914169427649201,0.39664552641687534,0.47412142582951355,-0.46175214504711937,0.417146122100636
2017,Food,9668.870327,0.0595007404738461,4.064118538232542,9734.392994666669,-0.24704141965221194,-0.24114021161769097,0.05186053316585246,-0.24553999016000108,0.04612274989413715,0.05939309357926863,0.4603653745094162,0.048976423983539574,0.42554318568065874,0.46455642694610666,0.10962710484858687,0.4147854365332986
2018,Food,7971.404563999999,0.0452266931178236,-17.555988503226526,8977.1791,-0.2883109349563129,-0.3012810017637006,-0.7584143014170419,-0.2643379832864507,0.03800647284888184,0.0451174124560152,0.34766565344879274,0.04515652572067065,0.29563916382931543,0.28059150926874293,-0.8152883692447725,0.3602228255718281
2019,Food,8532.761999999999,0.053362986935021,7.042139581463092,8724.345630333333,-0.27466297232811293,-0.26700038556412703,0.16347031861052091,-0.2706146269909651,0.04069055200458624,0.05325463753047189,0.4758889859439552,0.04388106295066962,0.3385988453864144,0.38545263134201646,0.23702784989474546,0.34200438776894837
2020,Food,8803.355,0.0765788761810353,3.1712240421096998,8435.840521333334,-0.26808419931360083,-0.16918496654714765,0.018396779320483583,-0.27777682659417624,0.04198436764574847,0.07647318400173851,0.45571095904067493,0.04242564834132328,0.35930684418734254,0.6846606308270285,0.07142877703211759,0.32121555632563054
2021,Food,10190.897891,0.0669573982392606,15.761523771334907,9175.671630333332,-0.234349661732108,-0.2097231034440098,0.4902539727601023,-0.2594103647533807,0.04861877686978328,0.0668506048127154,0.5213407574885908,0.046157856093968316,0.46549302240726814,0.5606583521918556,0.6100460475527147,0.3745256147673474
2022,Food,12119.431355,0.0579416891607622,18.924077982403983,10371.228082,-0.18746232942659116,-0.24770895666304624,0.6087796620788215,-0.22973042607422356,0.0578398829598446,0.057833863821565405,0.5378262899951186,0.05218905024538259,0.6130802425499242,0.4444632649078531,0.7453411837825074,0.4606739039287347
2023,Food,11036.32536,0.0560805987987438,-8.936937412935265,11115.551535333332,-0.2137952666857304,-0.2555502816995423,-0.43539091475873265,-0.21125244084684672,0.05266111086534263,0.0559725604443894,0.39259441591145694,0.05594392041671273,0.5301920760203465,0.4204774025452489,-0.4465624554403406,0.5143076675188794
2024,Food,11241.973863,0.0595430915817461,1.8633784007977103,11465.910192666664,-0.2087954521228585,-0.24096177385374518,-0.030618445656983274,-0.20255471398428918,0.05364440034349984,0.05943544953455708,0.44889351643118325,0.05771136609613707,0.5459299885071315,0.4651022509779348,0.015478699215417863,0.5395534841259254
2015,Fuels,35557.475972,0.205843903968903,,35557.475972,0.3823734587839312,0.3754468898217618,-0.04417860417700942,0.3955234395137713,0.1699067461962648,0.20575300710037112,0.44700745750707577,0.17924549392771752,2.4067519185538684,2.3506373228213904,0.0,2.2755210097206477
2016,Fuels,30147.545818,0.1954713468079846,-15.214606791157204,32852.510895,0.25084491773693285,0.3317442336701353,-0.6706643806694547,0.32837211637658054,0.14403966075488103,0.19537926272579367,0.3598706376952005,0.1655998233034325,1.992739630201484,2.2169550828358964,-0.7151232695947398,2.0806091648638056
2017,Fuels,35760.737915,0.220066079476923,18.619068135385564,33821.91990166667,0.3873152502770063,0.4353691285052888,0.5973485529328271,0.3524378974886139,0.17087862455640873,0.2199768104385165,0.5362363568549264,0.1704901770154515,2.4223071918681014,2.533933712504588,0.732292759613413,2.1504619328410532
2018,Fuels,42383.226118,0.2404661745106874,18.51888017171528,36097.16995033333,0.5483240224138356,0.521320772337172,0.5935937248214553,0.4089214552746444,0.20254344522972142,0.2403792404096636,0.5357141043268691,0.18196807483231625,2.929114381140864,2.796851559832133,0.7280066847230874,2.3144097738934346
2019,Fuels,35549.504,0.2223228208519677,-16.123647829389142,37897.82267766666,0.3821796407832215,0.4448774484698514,-0.7047332719783637,0.4536230354093237,0.16986862894243893,0.22223381011381865,0.35513205470646036,0.1910517832449817,2.4061418377808366,2.563018752712475,-0.7540123519306556,2.4441595248293297
2020,Fuels,20442.477,0.1778256034224068,-42.49574621350555,32791.735706,0.014891124239535954,0.25739748929881173,-1.6931024606607725,0.32686335961296675,0.09763576325833025,0.17773149965816007,0.2176614988958976,0.16529323220609293,1.2500280543437614,1.9895355116156794,-1.882219619036564,2.0762298831088444
2021,Fuels,34790.176838,0.2285823830512039,70.18572083021056,30260.71927933333,0.36371855331033176,0.47125083838797616,2.5299551261643476,0.2640303480603258,0.16623797567736953,0.2284940887649025,0.8050392523999166,0.15252507604887827,2.3480318868205083,2.6436924268258633,2.9383315610486394,1.8938522674866471
2022,Fuels,59533.766271,0.2846244909354293,71.12234452908417,38255.473369666666,0.9652953067517985,0.7073728411767078,2.5650577559161762,0.4625017885558776,0.2845471818538476,0.2845426110708494,0.8099216162753315,0.1928560148718803,4.241614574876819,3.365967021146693,2.9784006389134965,2.46993078405363
2023,Fuels,51205.16516700001,0.260196780221958,-13.98970974906556,48509.70275866667,0.7628067863849349,0.6044516593195897,-0.6247578897229186,0.7170651753731697,0.24472473863707492,0.26011210443045596,0.366255691881426,0.2445852730193996,3.6042416137320727,3.051140982086779,-0.6627217608404479,3.2088204594840835
2024,Fuels,45649.823701,0.2417841979036461,-10.849181811799404,52129.58504633334,0.6277429431852924,0.526873995351387,-0.5070576974902181,0.8069295094026835,0.21816238232812427,0.2416974146598652,0.38262640743034887,0.26284640393609376,3.179101257489767,2.813838337228537,-0.5283689160358491,3.4696585534221507
2015,Fuels And Mining Products,36460.26445,0.2110701890099447,,36460.26445,0.4043224392707836,0.39746677696777877,-0.04417860417700942,0.4179353520838021,0.17422334660166125,0.21097989032726902,0.44700745750707577,0.18379976870151624,2.475840707694444,2.417994048867841,0.0,2.3405732979215874
2016,Fuels And Mining Products,30982.556039,0.2008854051689093,-15.023775865673962,33721.4102445,0.27114604418424143,0.3545552654399887,-0.6635124504647281,0.3499427242517407,0.14803218563342604,0.2007939407645796,0.36086538726005973,0.16998313842633328,2.056641470438411,2.286731844522744,-0.7069594582141329,2.1432195019236047
2017,Fuels And Mining Products,36497.967524,0.2246028770707692,17.801667099568384,34646.92933766667,0.40523909256852353,0.45448400077809986,0.5667141306418283,0.3729189290919907,0.17440362039610935,0.22451412730142895,0.5319754682036997,0.17465208177396646,2.478726056580717,2.5924042762524824,0.6973240675011361,2.2099096915431384
2018,Fuels And Mining Products,43192.239681,0.2450562072769579,18.341492995734733,36890.92108133333,0.5679931069675331,0.5406599401621345,0.5869456372611512,0.4286264929261495,0.20641166946952727,0.24496979853814815,0.5347894333613459,0.18597229159037224,2.9910267435912545,2.8560082221944083,0.7204180014822731,2.3716051508747897
2019,Fuels And Mining Products,36549.878,0.2285790535574076,-15.378599790281145,38746.69506833333,0.4065011623141535,0.4712368102442618,-0.6768104834608558,0.4746964698475668,0.1746518255817164,0.2284907588900217,0.35901578692033054,0.1953340688624853,2.482698672556605,2.6436495160776454,-0.7221389454302872,2.5053267780111637
2020,Fuels And Mining Products,21402.749,0.1861788449522685,-41.44235173644082,33714.955560333336,0.03823766875543828,0.29259217048181796,-1.653623514787961,0.3497824853688399,0.10222721585825018,0.1860856972765048,0.22315255698845662,0.1699505766402788,1.3235159547128206,2.0971926709378934,-1.8371550478809582,2.1427543963259055
2021,Fuels And Mining Products,36479.948145,0.2396847109860168,70.44515237271625,31477.525048333337,0.40480099770168126,0.5180282350019818,2.539678059070567,0.29423780548152834,0.17431746238613044,0.23959768744088042,0.8063915982702978,0.15866346610747342,2.477347065702441,2.786780003433433,2.949430129972063,1.9815317200921048
2022,Fuels And Mining Products,61330.408423,0.2932140425451555,68.12087610219379,39737.701856,1.0089760409404602,0.7435631667321926,2.4525692132627697,0.4992984203849689,0.29313766171780914,0.29313314581644434,0.7942757800251155,0.20033337636775192,4.379108388572343,3.4766697612564936,2.8499968068829675,2.5767358187016227
2023,Fuels And Mining Products,52893.603915,0.2687765069819202,-13.75631554548078,50234.65349433333,0.8038568330306313,0.6406005898724424,-0.6160107799449875,0.7598874377496413,0.25279785383704967,0.2686928132017623,0.3674723122057718,0.25328708946138145,3.733454814254719,3.161717098847718,-0.6527370780613431,3.33311534707237
2024,Fuels And Mining Products,47532.404003,0.2517552806243511,-10.135818917946017,53918.805447,0.6735130425169442,0.5688851207510384,-0.48032239966277407,0.851347279639508,0.2271637675837351,0.2516696386425963,0.38634497362422143,0.2718724399723248,3.323171764252569,2.9423463466330833,-0.4978510107403862,3.598584524450292
2015,Integrated Circuits And Electronic Components,295.448317,0.001710364229458,,295.448317,-0.47493207378229535,-0.4846281869259892,-0.04417860417700942,-0.4798637636953816,0.0013045912287162095,0.0015961028112898177,0.44700745750707577,0.001360012515803874,-0.2917880525393731,-0.2802499719101464,0.0,-0.2653572153142106
2016,Integrated Circuits And Electronic Components,125.664016,0.0008147832198717,-57.46666717346709,210.5561665,-0.47905994249178374,-0.4884015350320227,-2.254180187108873,-0.4819712290665645,0.0004927831469934934,0.0007004192960252323,0.13962217129345467,0.0009317591774668809,-0.30478134172839283,-0.29179228241204064,-2.52268066905561,-0.2714742945358658
2017,Integrated Circuits And Electronic Components,143.516611,0.0008831791446153,14.206608676265777,188.209648,-0.4786259025490468,-0.4881133627390317,0.43197911921605814,-0.4825259860567911,0.0005781436945550879,0.0007688230491736139,0.5132354092055686,0.0008190282466155723,-0.3034151145316307,-0.29091079096458405,0.5435262551403581,-0.2730845190759154
2018,Integrated Circuits And Electronic Components,22.601674,0.0001282332323921,-84.25152751133456,97.260767,-0.4815656383315209,-0.49129417351723387,-3.2580188007648223,-0.48478381102796236,0.0,1.3790727969012045e-05,0.0,0.00036022066927349607,-0.312668518612336,-0.3006405865249446,-3.6685460318133702,-0.27963802852197295
2019,Integrated Circuits And Electronic Components,30.071,0.0001880608389315,33.047667177218834,65.39642833333333,-0.4813840408758388,-0.49104210208717053,1.1381012272588726,-0.4855748498922169,3.571389802300751e-05,7.362518220764065e-05,0.6114487082180328,0.0001994754257200237,-0.31209690443956833,-0.29986952415998674,1.3495530949896057,-0.28193407925012187
2020,Integrated Circuits And Electronic Components,25.24,0.0002195584336664,-16.065312094709196,25.97089133333333,-0.48150149421880445,-0.49090939338950346,-0.7025469748579367,-0.48655359708472423,1.2614914078653045e-05,0.00010512638206846238,0.3554361429801072,5.863913801686278e-07,-0.3124666122376536,-0.299463580962664,-0.7515167295179349,-0.2847749677393974
2021,Integrated Circuits And Electronic Components,28.386144,0.0001865058769712,12.46491283676705,27.899048,-0.4814250038171793,-0.49104865360256117,0.36670412749019365,-0.4865057301926585,2.7657913404388336e-05,7.207004227077714e-05,0.5041564238468215,1.0313315771567227e-05,-0.31222584345878807,-0.2998895646181612,0.46901591945944476,-0.2846360304287946
2022,Integrated Circuits And Electronic Components,23.937811,0.0001144440826903,-15.67078994596801,25.854651666666665,-0.48153315359599824,-0.4913522712899134,-0.687761138312468,-0.48655648275873314,6.388616665381486e-06,0.0,0.3574926793344419,0.0,-0.31256626643510355,-0.3008183020478416,-0.7346389388787143,-0.2847833436286347
2023,Integrated Circuits And Electronic Components,41.804787000000005,0.0002124291746699,74.63913889202318,31.37624733333334,-0.4810987640162244,-0.49093943106967297,2.696859599691884,-0.48641940799277855,9.181792566106896e-05,9.799630707707049e-05,0.8282537060735351,2.7854657506845446e-05,-0.31119893868610704,-0.2995554633497459,3.128850288364773,-0.2843854736497967
2024,Integrated Circuits And Electronic Components,77.137847,0.0004085604489311,84.51917240960942,47.626815,-0.4802397315148362,-0.4901130719080274,3.0671418794596983,-0.48601598425550896,0.00026075971527914223,0.0002941500299711534,0.879755625993097,0.00010983349550460825,-0.30849496273656984,-0.2970277098105092,3.5515214558780976,-0.28321450543626475
2015,Iron And Steel,4326.313515000001,0.02504523280624,,4326.313515000001,-0.3769319511267265,-0.3863114727412875,-0.04417860417700942,-0.37979669305742875,0.020577803915625567,0.024933642231362997,0.44700745750707577,0.021694418786144563,0.01668685881046531,0.02049144148642534,0.0,0.02509510098067391
2016,Iron And Steel,3852.047614,0.0249759943851713,-10.96235627297114,4089.1805645,-0.38846250702138035,-0.3866031947208826,-0.5112992314303179,-0.38568356809359805,0.018310144956289236,0.024864395885459762,0.382036459832921,0.020498160038036558,-0.019607863186146206,0.019599091887582243,-0.5332105576710725,0.008007996510710583
2017,Iron And Steel,3727.789742,0.0229402445661538,-3.225761580630349,3968.716957000001,-0.39148351767263256,-0.39518041179195057,-0.22134840128177868,-0.3886741023161233,0.017716017324269438,0.02282841306025546,0.42236521778559516,0.019890460247700914,-0.029117096109325596,-0.006637793736119361,-0.20223642632136773,-0.0006722575064599775
2018,Iron And Steel,2337.68414,0.0132631235006758,-37.29034356036919,3305.8404986666665,-0.425280360982547,-0.43595298965304957,-1.498015231646629,-0.40513014887734045,0.011069354732351582,0.013150184378773938,0.24479584313812233,0.016546463723708354,-0.1354993940230907,-0.13135720482966748,-1.6595307371758048,-0.04843718966936047
2019,Iron And Steel,2890.576,0.018077355177923,23.65126453738957,2985.3499606666664,-0.4118382170671043,-0.41566920539802277,0.7859443864041148,-0.4130863934376284,0.013712956511921913,0.017964967079410667,0.5624678241525023,0.01492969300938985,-0.09318756787118392,-0.0693110512689631,0.9475718196090532,-0.07153079725486863
2020,Iron And Steel,1825.687,0.0158813382759556,-36.8400277314971,2351.3157133333334,-0.43772825493449463,-0.4249216751681044,-1.4811383686852344,-0.4288264260852758,0.008621287310199772,0.015768698827537838,0.24714321672909242,0.011731196076031063,-0.17468162032310072,-0.09761347023341194,-1.6402660740751887,-0.11721744433987251
2021,Iron And Steel,2340.248613,0.0153761680310725,28.184547132120684,2352.170537666667,-0.42521801241562607,-0.42705010706466134,0.9558420098302834,-0.4288052048926174,0.011081616525076223,0.015263470762292262,0.5860985898529434,0.011735508387266974,-0.1353031394865394,-0.10412413957582257,1.1415071785906032,-0.11715584820717
2022,Iron And Steel,2913.196145,0.0139276753631087,24.48233614229258,2359.710586,-0.41128826640500166,-0.4331530357855255,0.8170911520467646,-0.42861802161753304,0.013821112663065354,0.013814812303940065,0.5667999737516864,0.011773545483169875,-0.0914564885914656,-0.12279241408633104,0.9831253432794209,-0.11661253445297184
2023,Iron And Steel,2737.692172,0.013911461589276,-6.024447523082932,2663.71231,-0.41555519423207793,-0.43322134921795474,-0.326237095159272,-0.42107111530951236,0.01298195649363927,0.013798596674324507,0.40777643131724617,0.013307135484087584,-0.1048874940588728,-0.12300137833410016,-0.32196515524662744,-0.09470706241256498
2024,Iron And Steel,2478.648211,0.0131281551820936,-9.462128856172946,2709.8455093333337,-0.4218531820595499,-0.43652165116311437,-0.45507395374543713,-0.41992584899826635,0.011743361524477403,0.013015200612098383,0.38985673616533856,0.013539862497201311,-0.12471166554067632,-0.1330966859311191,-0.4690303225873653,-0.09138283946134626
2015,Machinery And Transport Equipment,19525.69494,0.1130351681126197,,19525.69494,-0.0073980742117055265,-0.015583808594283013,-0.04417860417700942,-0.0024688738430036967,0.09325225382251735,0.11293364861775035,0.44700745750707577,0.09837036347096598,1.1798683613761225,1.15451186339886,0.0,1.1203179189829076
2016,Machinery And Transport Equipment,17238.621193,0.1117721662005561,-11.713149027616632,18382.1580665,-0.06300239157750087,-0.020905209809571626,-0.5394373194568864,-0.030857415626639954,0.08231682021425661,0.1116705021460475,0.37812278198384164,0.09260159120281825,1.0048426940066406,1.138234206684971,-0.5653297250404645,1.037918007955993
2017,Machinery And Transport Equipment,16527.61723,0.1017084137230769,-4.124482782235006,17763.977787666667,-0.08028862472098774,-0.06330678034759411,-0.25503052744192783,-0.04620387019418476,0.07891721989844014,0.10160559779982302,0.4176804292904278,0.08948307239342057,0.9504308311230512,1.0085318629931033,-0.24068402256434304,0.9933737513125193
2018,Machinery And Transport Equipment,15187.010014,0.0861652718496364,-8.111315728964275,16317.749479,-0.11288204205137316,-0.12879464166016288,-0.4044484003611491,-0.08210679009181866,0.07250722930475981,0.0860606769021699,0.39689815655930405,0.08218732010612324,0.8478365562473391,0.8082107666791951,-0.4112420812263075,0.8891627838130632
2019,Machinery And Transport Equipment,13618.94,0.0851714037364261,-10.325073945131324,15111.189081333332,-0.15100563243607928,-0.13298210245096465,-0.4874152686089126,-0.11205990402928624,0.06500964617973194,0.08506669503361643,0.3853584387873585,0.07610061461966063,0.7278349598657503,0.7954017251320722,-0.5059474046600824,0.8022215825975418
2020,Machinery And Transport Equipment,9114.599,0.0792863343873771,-33.07409387221032,12640.183004666667,-0.2605171017607122,-0.15777764304909345,-1.3399993156254033,-0.1734031461062726,0.043472552319475784,0.079180952096116,0.26677400276824126,0.06363519119534185,0.38312579138404046,0.7195545409859032,-1.4791581529077733,0.6241681366766327
2021,Machinery And Transport Equipment,9426.901339,0.0619377010611677,3.426396915541763,10720.146779666667,-0.25292427341636403,-0.23087257472251366,0.027960106523892896,-0.22106844651121638,0.04496579734417985,0.06183033309423081,0.45704110563073963,0.05394923179578338,0.4070257313733936,0.4959641449288024,0.08234515865564972,0.48581596126822657
2022,Machinery And Transport Equipment,8514.834709,0.0407085028589732,-9.67514772035103,9018.778349333334,-0.2750988283120227,-0.32031747582181835,-0.4630574398865531,-0.2633052732311529,0.04060483430494337,0.04059870505784166,0.38874632692788735,0.04536638042801858,0.3372269018382374,0.22236075815179449,-0.47814334147179,0.36322034539238435
2023,Machinery And Transport Equipment,12687.755158,0.0644722662174659,49.007650666304905,10209.830402,-0.17364499749752693,-0.22019370086323609,1.7362468773597892,-0.23373715719819546,0.06055727116118831,0.0643651883497135,0.6946437490151467,0.05137485134886806,0.6565730477261957,0.5286297974025967,2.0323265737250753,0.4490440607814421
2024,Machinery And Transport Equipment,14292.938283,0.0757025183947373,12.651435222470251,11831.842716666666,-0.1346190972484437,-0.17287732151865703,0.37369458294593444,-0.1934703626281582,0.06823230722662481,0.07559672590999818,0.505128714168974,0.05955737687671075,0.7794148441797996,0.673366070567341,0.47699541005451335,0.5659215078584406
2015,Manufactures,38897.867271,0.2251815866073268,,38897.867271,0.46358648401286245,0.45692227549623154,-0.04417860417700942,0.4784493513605102,0.18587852118766665,0.22509290307544907,0.44700745750707577,0.1960966835456386,2.6623860961354127,2.5998627251140105,0.0,2.5162198032717757
2016,Manufactures,36125.707801,0.234232690146108,-7.1267646904300985,37511.787536,0.39618855460167973,0.4950572560619208,-0.3675495576145843,0.44403963236993244,0.172623694632353,0.23414504257803206,0.40203035258404957,0.18910436128476005,2.450237685124257,2.7165139786702523,-0.369122655599565,2.4163429654653656
2017,Manufactures,34542.812626000006,0.2125711546215385,-4.381630897640654,36522.129232666666,0.35770452854745316,0.40379078974507654,-0.2646678824408674,0.41947115823782044,0.16505522635809905,0.21248102773515645,0.41633998630270774,0.18411185644515857,2.3291015456605804,2.437338598334878,-0.2516849057059733,2.3450310925984046
2018,Manufactures,32534.7809,0.184589872412845,-5.813167988783241,34401.100442333336,0.3088844004166702,0.28589735844583847,-0.31831879533877866,0.36681617540864353,0.15545400661091865,0.18449654286776274,0.4088777739024486,0.1734119548073844,2.1754304655726484,2.076713882048119,-0.3129265454812692,2.1921959828095376
2019,Manufactures,31736.505,0.1984767302402468,-2.453607732763308,32938.03284200001,0.289476374528878,0.34440680440426674,-0.19240974569819427,0.3304952165774484,0.15163712352309727,0.1983849901457733,0.42639024518733876,0.16603125376064343,2.1143398372858497,2.2556886740812523,-0.16920342417649223,2.0867716253729105
2020,Manufactures,24265.78,0.2110838608753417,-23.53984788180047,29512.3553,0.10784490575902501,0.3975243805869372,-0.9826764042291882,0.24545205593088312,0.11591653630974863,0.21099356375750922,0.3164734266231771,0.14874982273566817,1.542618601547809,2.4181702528224394,-1.0712798924795346,1.839927355451168
2021,Manufactures,27062.634154,0.1778100018108399,11.525919026711694,27688.306384666663,0.1758432229137971,0.25733175508735917,0.3315126710992535,0.20016966054135066,0.12928943823439093,0.17771589626087667,0.4992617052282707,0.13954808815030773,1.7566568526016157,1.989334436957879,0.42884544743853154,1.7084917438716467
2022,Manufactures,30196.610725,0.1443667265473356,11.580456481679136,27175.008293000003,0.25203780478918897,0.11642532895244527,0.3335566169140256,0.18742692818140483,0.14427426011298997,0.144268793174341,0.49954599410576794,0.13695866592430045,1.9964944798661968,1.5583151733069025,0.4311785781635703,1.6715049898248233
2023,Manufactures,33646.355778,0.1709724675447422,11.424278984210387,30301.866885666663,0.33590948536342025,0.22852319762940515,0.32770342221501725,0.2650518459837947,0.16076890006152303,0.17087757938987755,0.49873188340932584,0.1527326523639208,2.2604973048506998,1.9012118185438316,0.4244972521258676,1.8968172432381152
2024,Manufactures,35164.376785,0.1862480497500053,4.511695165491214,33002.44776266667,0.3728162628348038,0.2928837507963551,0.06863473677732153,0.332094330440072,0.16802717844444287,0.1861549099952277,0.46269846938950077,0.16635620612257246,2.3766687401529425,2.0980845871968907,0.1287745839799448,2.0914131755098055
2015,Office And Telecom Equipment,2725.227882,0.0157764726292025,,2725.227882,-0.41585823139378225,-0.42536350520394517,-0.04417860417700942,-0.4195439783832484,0.012922359632826234,0.01566382117815836,0.44700745750707577,0.013617461573290728,-0.10584136390167885,-0.09896498600122101,0.0,-0.09027443083151632
2016,Office And Telecom Equipment,2421.449641,0.015700250541501,-11.14689318300467,2573.3387615,-0.4232438182134219,-0.4256846514399504,-0.5182152755537407,-0.4233146575311771,0.011469871801838191,0.015587590366291523,0.3810745192538903,0.012851230272421577,-0.12908896990174554,-0.09994734158261026,-0.5411051089470715,-0.1012191150871712
2017,Office And Telecom Equipment,2400.968295,0.0147751895076923,-0.8458299381167933,2515.8819393333333,-0.42374176947737063,-0.4295822076213838,-0.13215371254789135,-0.4247410351449055,0.011371942122183303,0.014662423452604052,0.43477115230480406,0.012561379258421053,-0.13065637071554853,-0.11186959269237365,-0.1004221476397642,-0.10535928506693931
2018,Office And Telecom Equipment,1641.163095,0.0093113301499048,-31.645782311340355,2154.527010333333,-0.4422144792150429,-0.452603065744386,-1.2864692886233426,-0.4337117467488453,0.007739003162208759,0.009197938716873594,0.2742194013589619,0.010738460958468487,-0.18880290506987013,-0.18228819309949473,-1.4180545024058693,-0.1313974607381823
2019,Office And Telecom Equipment,1781.071,0.0111386287937416,8.524923904653114,1941.0674633333333,-0.43881297825259774,-0.4449041152272638,0.219041866886899,-0.43901092459746016,0.008407959993358265,0.011025446508163178,0.4836183361870474,0.009661626845252659,-0.17809600308430373,-0.1587378407571674,0.30046186354840526,-0.1467787292291676
2020,Office And Telecom Equipment,1225.862,0.0106635634156564,-31.17276065917641,1549.365365,-0.45231145746903806,-0.4469057064015429,-1.2687414605313592,-0.4487350110199989,0.005753279021145248,0.010550326755433711,0.2766851342136737,0.007685616928471777,-0.2205851558202004,-0.16486051647702452,-1.3978184765236352,-0.1750036328590218
2021,Office And Telecom Equipment,1517.641743,0.0099713826649484,23.802005690689462,1508.191581,-0.4452175832763218,-0.44982206896032856,0.7915938386857656,-0.4497571588095118,0.007148397133098231,0.0098580667796678,0.5632535966695706,0.007477908555599703,-0.19825577343344572,-0.17378139025905853,0.9540205770089306,-0.17797049489632313
2022,Office And Telecom Equipment,996.763311,0.0047654174722469,-34.32156728704319,1246.7556846666666,-0.4578814030066289,-0.4717563425656065,-1.3867519201759702,-0.4562473595531795,0.004657864626841035,0.00465150572686264,0.2602712641086865,0.0061590493359139666,-0.23811766914133659,-0.2408762326831643,-1.532525486505449,-0.19680879831820947
2023,Office And Telecom Equipment,1185.4932,0.006024031220464,18.934273253964108,1233.2994179999998,-0.45329292104004043,-0.4664534299845809,0.6091617587983736,-0.4565814141843601,0.005560259302028531,0.005910263532462132,0.5378794351649718,0.00609116683926838,-0.22367450795419838,-0.22465513093092263,0.7457773409398453,-0.19777841740245825
2024,Office And Telecom Equipment,1456.45704,0.007714121734709,22.856633846571217,1212.904517,-0.44670513200447565,-0.4593325779648427,0.7561633473776828,-0.45708772186243224,0.0068558480806790445,0.0076005474897041046,0.5583256310990772,0.005988281185095885,-0.20293812943067824,-0.2028731265305244,0.9135772505387888,-0.19924801411310836
2015,Pharmaceuticals,2078.566461,0.0120329191905518,,2078.566461,-0.4315801410736367,-0.44113620485519534,-0.04417860417700942,-0.43559748325514364,0.009830407287325834,0.011919839262931763,0.44700745750707577,0.010355264648299483,-0.15532920701171668,-0.14721216376272814,0.0,-0.1368709549924296
2016,Pharmaceuticals,2125.323139,0.0137802187577888,2.2494675478168524,2101.9448,-0.4304433726743261,-0.4337743141472261,-0.01614865977038788,-0.4350171111054444,0.010053970059922264,0.013667338821152706,0.45090609384766656,0.010473200778584275,-0.15175100198808567,-0.12469284509808704,0.03199572319558272,-0.13518638049535978
2017,Pharmaceuticals,2027.442396,0.0124765685907692,-4.605452281767109,2077.110665333333,-0.432823091257914,-0.4392669785025434,-0.27305622365728255,-0.43563362368670233,0.00958596225387414,0.012363539442009146,0.4151732664751841,0.010347920631797198,-0.1592416403589155,-0.14149437935631934,-0.26126006003867736,-0.13697585535566803
2018,Pharmaceuticals,1764.796288,0.0100127774838213,-12.954553407691494,1972.520607666667,-0.43920865602742765,-0.4496476603253511,-0.5859624697157056,-0.43823009371843424,0.008330143948815316,0.009899466336475002,0.37165167954713363,0.009820297746892092,-0.17934147771439932,-0.17324789094689538,-0.6184374232834342,-0.14451230795789635
2019,Pharmaceuticals,1895.963,0.0118571511543722,7.432399585826865,1896.067228,-0.43601967469639596,-0.4418767676622672,0.17809641920631314,-0.440128064840716,0.008957305566393821,0.011744051108838121,0.47792330490216267,0.009434615267692844,-0.1693035236105693,-0.14947747446960685,0.2537233045594064,-0.1500213141195943
2020,Pharmaceuticals,1786.292,0.015538647923567,-5.78444832520465,1815.6837626666663,-0.43868604306244585,-0.42636553114349945,-0.3172424444858067,-0.4421236011607162,0.00843292372657571,0.01542596925177733,0.4090274816753128,0.009029106782239928,-0.1776964492830611,-0.10203008739136164,-0.3116979085830496,-0.15581351072032917
2021,Pharmaceuticals,1907.232713,0.01253111763705,6.770489539224256,1863.162571,-0.43574568060281,-0.43903714721060405,0.15328946277028754,-0.44094492982493083,0.009011190666713525,0.012418094731820045,0.474472948367096,0.009268621955895617,-0.1684410726111317,-0.14079134744405714,0.22540656943008328,-0.15239232713369377
2022,Pharmaceuticals,1585.533816,0.0075802655116032,-16.86731224811997,1759.6861763333334,-0.44356696209339513,-0.4598965538872112,-0.7326042053977405,-0.44351375294002976,0.007473016860727281,0.007466675945792263,0.3512555349282299,0.008746617139265646,-0.1930601143946808,-0.2045982748679279,-0.7858265666844401,-0.15984853244854508
2023,Pharmaceuticals,1851.94883,0.0094105960039432,16.802859157688243,1781.5717863333332,-0.43708976606554495,-0.45218482929417075,0.5292809700041372,-0.44297043809960507,0.008746855844565197,0.00929721593260188,0.5267689548304231,0.008857022936372194,-0.17267184939720764,-0.18100884785067553,0.6545947267388187,-0.158271519622321
2024,Pharmaceuticals,1917.25809,0.0101547535539501,3.5265153627381807,1784.9135786666668,-0.4355019393394813,-0.4490494730819994,0.03171232930823018,-0.4428874774067883,0.009059126088439689,0.010041458656784649,0.45756299578837956,0.008873881193753472,-0.16767384842242447,-0.17141809345484904,0.08662825960776768,-0.15803071987434758
2015,Telecommunications Equipment,1798.268334,0.0104102601249228,,1798.268334,-0.4383948692961918,-0.4479729482055906,-0.04417860417700942,-0.4425559428156647,0.008490187470475157,0.010296994472319354,0.44700745750707577,0.008941251598678878,-0.17677992184106697,-0.16812510695125682,0.0,-0.15706841539886107
2016,Telecommunications Equipment,1836.470824,0.0119073515140498,2.124404310396999,1817.369579,-0.4374660739825689,-0.44166525867526985,-0.020835759321673645,-0.44208175041805337,0.008672849176777032,0.011794257214307406,0.4502541733023553,0.009037611178327444,-0.17385635354065837,-0.1488304887335278,0.026645475701062092,-0.1556920357429205
2017,Telecommunications Equipment,1363.621569,0.0083915173476923,-25.747713975117318,1666.1202423333332,-0.44896218777237923,-0.456478509571335,-1.0654224484607415,-0.44583654679866075,0.006411963780514361,0.008278020635480119,0.30496442288055625,0.00827460737918637,-0.21004266215011888,-0.19414280463447842,-1.1657331489097116,-0.16659061905319725
2018,Telecommunications Equipment,1256.460067,0.0071286726710172,-7.858595407711677,1485.5174866666666,-0.45156754414727507,-0.46179924830735153,-0.3949769895070766,-0.4503200479382355,0.005899580875494509,0.007015031417162482,0.3982155186637979,0.007363525111019418,-0.21824354042458147,-0.21041843488771644,-0.4004306206125307,-0.17960432358954587
2019,Telecommunications Equipment,1420.43,0.0088832182981444,13.050150761377122,1346.837212,-0.44758103684512107,-0.45440682780244585,0.38863757868198107,-0.4537628147288605,0.006683588089264717,0.008769777864637217,0.5072071095224833,0.006663928149018895,-0.20569521442962865,-0.1878057284979307,0.49405259533991747,-0.18959721718006584
2020,Telecommunications Equipment,950.616,0.0082692456409756,-33.075477144245056,1209.168689,-0.4590033562142104,-0.45699367649428496,-1.3400511576684135,-0.45718046457299283,0.004437215486732542,0.008155734933888475,0.2667667921484156,0.005969435145703199,-0.2416492403972599,-0.19571865091685173,-1.4792173297521505,-0.1995172069147971
2021,Telecommunications Equipment,1216.744779,0.0079943951548169,27.995402875609063,1195.9302596666666,-0.45253311925438416,-0.45815170301593755,0.9487532923293308,-0.4575091113468645,0.0057096858641392184,0.007880852989117757,0.5851126324333894,0.005902651567681596,-0.22128288045289896,-0.19926094314824433,1.1334155234777026,-0.20047112928011973
2022,Telecommunications Equipment,728.797599,0.0034843024153065,-40.10267300271686,965.386126,-0.46439630026901224,-0.47715405982621495,-1.6034152543810716,-0.4632324176286609,0.0033766111225716276,0.0033702440371034693,0.23013593682612415,0.004739631261384138,-0.25862460628599976,-0.25738733287128535,-1.779843139630042,-0.21708346294607944
2023,Telecommunications Equipment,863.261681,0.0043866260201022,18.450126919257315,936.2680196666666,-0.46112715186501535,-0.47335230316909466,0.5910170016740821,-0.4639552807015186,0.004019538812741439,0.0042726709193158996,0.5353557123744535,0.004592739868365397,-0.24833431034773124,-0.24575812333216004,0.7250653973848389,-0.2191816282319922
2024,Telecommunications Equipment,1012.174153,0.0053609783320268,17.249980542110976,868.077811,-0.457506728009565,-0.4692470682305954,0.5460381120990802,-0.46564811687744667,0.004731550156115923,0.005247134752860045,0.5290996766537726,0.004248742404154661,-0.23693830493879886,-0.23320060279287652,0.6737227304280512,-0.22409521454236841
2015,Textiles,634.4969400000001,0.0036731326849175,,634.4969400000001,-0.4666889783156724,-0.47635846196005704,-0.04417860417700942,-0.4714468107979551,0.0029257211602070985,0.0035590959196949365,0.44700745750707577,0.0030704027439123105,-0.2658412672251177,-0.25495367518909157,0.0,-0.24092636658828376
2016,Textiles,628.402997,0.0040744537184988,-0.9604369407991252,631.4499685000001,-0.46683713687025574,-0.47466757755566913,-0.13644893504435687,-0.4715224525019926,0.0028965835300032456,0.003960462887350673,0.4341737372592114,0.0030550317619191907,-0.2663076257943967,-0.2497814217235159,-0.1053250738841661,-0.2411459224122539
2017,Textiles,638.300957,0.0039280058892307,1.5750975166020753,633.7336313333334,-0.4665964934236525,-0.47528460564501723,-0.041422589471215965,-0.47146576009506974,0.002943909719016258,0.003813998296076778,0.4473907868113134,0.003066552099503419,-0.2655501526010339,-0.2516688515591727,0.0031459457204164663,-0.24098136837062847
2018,Textiles,971.526946,0.0055120713908905,52.20515265497243,746.0769666666666,-0.45849496033089954,-0.4686104684128285,1.8560823337697778,-0.4686768133255072,0.004537199259432865,0.005398245105409427,0.7113114547541882,0.003633287753071439,-0.24004896306305587,-0.2312533049142721,2.1691167876722908,-0.23288623733423217
2019,Textiles,1058.9499999999998,0.0066225607856917,8.99852076773997,889.5926343333332,-0.45636949356530904,-0.46393164761404987,0.23679125263974504,-0.4651140068934839,0.004955204583529828,0.006508861603696994,0.4860870674594099,0.004357277702906818,-0.23335863294584858,-0.21694124015781088,0.320722497148004,-0.22254491951515135
2020,Textiles,905.435,0.0078762238663527,-14.496907313848617,978.6373153333332,-0.4601018160545191,-0.45864959366205554,-0.6437665570767552,-0.46290345408512357,0.00422118667414925,0.00776266817510093,0.3636118093158094,0.0048064792094631,-0.2451068615989345,-0.20078394295425045,-0.6844198437958532,-0.21612862113260514
2021,Textiles,922.250587,0.0060594758666639,1.8571832323689863,962.2118623333332,-0.4596929882948255,-0.466304091189792,-0.030850627165806128,-0.4633112193873289,0.0043015888629565156,0.005945712235556341,0.4488612227079144,0.004723618131736634,-0.24381999477151137,-0.22419831785908445,0.015213667819719702,-0.21731219106999972
2022,Textiles,1054.338762,0.0050406794698947,14.322373643552888,960.674783,-0.45648160396032256,-0.4705965822241415,0.436317739720535,-0.4633493777028938,0.004933156371456636,0.004926799230222903,0.513838860404808,0.004715864065525427,-0.23371152275073925,-0.2373286368630048,0.5484787195012625,-0.21742294849570504
2023,Textiles,1368.132254,0.0069521034889275,29.762112834091205,1114.907201,-0.44885252206500703,-0.4625431865794793,1.014965759114068,-0.4595205257049838,0.006433531207629461,0.006838442025461837,0.5943220095717241,0.005493916541511255,-0.20969746748665247,-0.21269407081894978,1.208995971608763,-0.20630941309936185
2024,Textiles,1415.220139,0.0074957105728692,3.4417641176377023,1279.230385,-0.44770770121912984,-0.4602528088931934,0.02853603600992235,-0.45544116833303794,0.006658677616155357,0.007382111329138282,0.4571212106638171,0.006322873655916833,-0.2060939157831042,-0.20568802481448753,0.08300257274637546,-0.1944687667196636
2015,Total Merchandise,172740.00000200002,1.0,,172740.00000200002,3.7176137907630293,3.721461788282156,-0.04417860417700942,3.801108257684776,0.8258324179029483,1.0000000000000002,0.44700745750707577,0.8712867902233309,12.905085368131392,12.585776466289081,0.0,12.160491084994336
2016,Total Merchandise,154229.999999,1.0,-10.71552622599613,163485.0000005,3.267590735775076,3.721461788282156,-0.5020485753119536,3.571350949163551,0.7373285485427127,1.0000000000000002,0.3833231175441951,0.8245983199277025,11.488548141125138,12.585776466289081,-0.5226510849783337,11.493602946666462
2017,Total Merchandise,162500.0,1.0,5.362121507523598,163156.666667,3.4686545210045305,3.721461788282156,0.10050687609161062,3.563200005566519,0.7768707959537892,1.0000000000000002,0.46713150995427993,0.8229419848563148,12.121436464564338,12.585776466289081,0.1651561098352063,11.469944210254436
2018,Total Merchandise,176254.42,1.0,8.464258461538465,164328.1399996667,3.8030578763251244,3.721461788282156,0.2167682573349038,3.59228207578524,0.8426362951762912,1.0000000000000002,0.48330210377876515,0.8288516874911569,13.174037651097107,12.585776466289081,0.2978665754227789,11.554357140540358
2019,Total Merchandise,159900.382083,1.0,-9.278654071200032,166218.267361,3.4054514957954467,3.721461788282156,-0.44819771577126905,3.6392048824013266,0.7644409610280514,1.0000000000000002,0.390813140176126,0.8383867663836757,11.92249235031117,12.585776466289081,-0.4611812093798319,11.690554171010142
2020,Total Merchandise,114958.007208,1.0,-28.10648373039636,150370.93643033333,2.3127932118201175,3.721461788282156,-1.1538240354470046,3.245791581344059,0.5495531126201061,1.0000000000000002,0.2926687995075351,0.758442126804907,8.483132703083188,12.585776466289081,-1.2666421149151712,10.548642013246214
2021,Total Merchandise,152199.729365,1.0,32.3959357521016,142352.70621866666,3.2182299257795646,3.721461788282156,1.1136757435336218,3.046737341231955,0.7276209954941802,1.0000000000000002,0.608051410060521,0.7179927585714944,11.333175157143915,12.585776466289081,1.3216718047218048,9.970871876274195
2022,Total Merchandise,209166.0,1.0,37.42862807488015,158774.57885766667,4.6032183179069674,3.721461788282156,1.3022901630425638,3.4544137602274674,1.0,1.0000000000000002,0.6342854624578309,0.8008357745391094,15.692702062876602,12.585776466289081,1.5369720803755091,11.154183823362816
2023,Total Merchandise,196794.0,1.0,-5.914919250738649,186053.2431216667,4.30242495024578,3.721461788282156,-0.3221322124875198,4.131612299431677,0.9408444153675112,1.0000000000000002,0.408347372326825,0.9384477795080735,14.745895008868988,12.585776466289081,-0.31727949879970624,13.119804312194974
2024,Total Merchandise,188804.0,1.0,-4.060083132615833,198254.66666666663,4.108168645071768,3.721461788282156,-0.2526169679094839,4.434515187964614,0.902640962311127,1.0000000000000002,0.41801612709870256,1.0,14.134434585209043,12.585776466289081,-0.23792898382449115,13.999003083837987
2025,Total Merchandise,191000.0,1.0,1.1631109510391813,192199.3333333333,4.161558738458768,3.721461788282156,-0.056862954573095696,4.284190272930575,0.9131409351411419,1.0000000000000002,0.4452432132155571,0.9694528092471487,14.302490541448998,12.585776466289081,-0.014478978563121357,13.562673535165175
2015,Transport Equipment,5468.835717,0.0316593476724365,,5468.835717,-0.3491544615723089,-0.3584442474023092,-0.04417860417700942,-0.3514333407057575,0.026040669160930154,0.03154851413050611,0.44700745750707577,0.027458072365996237,0.10412204149830172,0.1057346150951419,0.0,0.10742189775717867
2016,Transport Equipment,4535.695374,0.0294086453610154,-17.062870257728026,5002.2655455,-0.3718413696123578,-0.36792712300277475,-0.7399332964879313,-0.3630160426855254,0.021578944093493518,0.02929755421004174,0.3502361443631538,0.025104377326625803,0.0327104783612596,0.07672740676034963,-0.7941926043188765,0.07380222049942375
2017,Transport Equipment,4644.030193,0.0285786473415384,2.388494157279797,4882.853761333333,-0.36920748705157747,-0.37142415054275335,-0.010938243246122345,-0.36598046517406185,0.022096937106264276,0.028467461191330666,0.4516308016428885,0.02450198364352371,0.04100114848927753,0.06603033440819453,0.03794332845750068,0.0651977577847385
2018,Transport Equipment,6015.065672,0.0341271763397479,29.522535858327917,5064.930412999999,-0.33587428474706893,-0.34804655414157737,1.0059869324119515,-0.36146037425837196,0.02865241765202319,0.03401662525853154,0.5930731601423807,0.025420501238498195,0.14592404396389028,0.13754016304522845,1.1987467877497269,0.07831766694122427
2019,Transport Equipment,4525.304,0.0283007703987288,-24.76717218458325,5061.4666216666665,-0.3720940091516471,-0.372594928422853,-1.0286738636547994,-0.3615463636018508,0.02152925869063991,0.02818955244350935,0.31007571978901116,0.025403027535769902,0.03191524507609704,0.06244903699244528,-1.1237852402651776,0.07806807630335631
2020,Transport Equipment,2399.877,0.0208761186652946,-46.9676070381128,4313.415557333333,-0.4237683015092298,-0.4038771857021296,-1.8606981290350322,-0.3801168875510467,0.011366724195111566,0.0207640509053631,0.19435090813014735,0.021629352777144357,-0.13073988557199887,-0.03324039228130795,-2.073527333967841,0.024165712004427357
2021,Transport Equipment,2467.911516,0.0162149533793292,2.8349167894854643,3131.030838666667,-0.42211421719102427,-0.4235160559053194,0.005792711127547392,-0.4094698352067409,0.011692025000896274,0.016102352115555923,0.45395788106151713,0.01566460574240354,-0.12553332562495764,-0.09331381551759968,0.05704143929112054,-0.06103346073367529
2022,Transport Equipment,2320.964876,0.0110962817857586,-5.954291272086277,2396.251130666667,-0.42568684689617264,-0.4450825357170447,-0.32360779066220074,-0.42771089496241127,0.010989413103144913,0.010983094653260994,0.4081421367183721,0.011957880667824577,-0.13677888942343142,-0.15928361194897928,-0.31896384715750686,-0.11397953004429649
2023,Transport Equipment,4108.265058,0.0208759670416781,77.00677422918486,2965.7138166666664,-0.382233238686891,-0.40387782453734383,2.785593449505507,-0.4135738648146618,0.01953522519334565,0.02076389926439219,0.8405955433067973,0.014830635037945648,0.0,-0.03324234641705035,3.2301385269545153,-0.07294572016291571
2024,Transport Equipment,4279.701973,0.0226674327503654,4.172976002757234,3569.6439689999997,-0.3780651909173878,-0.39632984879138433,0.05594027541188833,-0.39858117261450715,0.020354935097517592,0.022555570019195507,0.4609328187807963,0.0178772665855717,0.013119760785588753,-0.01015381144161968,0.1142840639106481,-0.029428285813443065
