year,product_sector,value,global_demand_index,demand_growth_rate_pct,demand_3yr_ma,value_std,global_demand_index_std,demand_growth_rate_pct_std,demand_3yr_ma_std,value_minmax,global_demand_index_minmax,demand_growth_rate_pct_minmax,demand_3yr_ma_minmax,value_robust,global_demand_index_robust,demand_growth_rate_pct_robust,demand_3yr_ma_robust,hhi,shannon_entropy,shannon_entropy_norm,hhi_std,shannon_entropy_std,shannon_entropy_norm_std,hhi_minmax,shannon_entropy_minmax,shannon_entropy_norm_minmax,hhi_robust,shannon_entropy_robust,shannon_entropy_norm_robust
2015,Agricultural Products,11007.890104,0.0637251945344016,,11007.890104,-0.214486596819302,-0.2233413351812797,-0.0441786041770094,-0.2139251583715014,0.0525251502936602,0.0636180311589298,0.4470074575070757,0.055400803448806,0.5280159766860987,0.5190014854567192,0.0,0.506549900744167,0.2757910220232641,1.811936077922884,0.6268868608243495,-0.3754541700692546,0.4343583897031356,0.4343583897031354,0.0,1.0,1.0,-1.6380480304097882,1.124702312099824,1.1247023120998212
2016,Agricultural Products,9971.365942,0.0646525704601222,-9.41619285991374,10489.628023,-0.2396870165857237,-0.219434025674443,-0.4533523719929068,-0.2267911228036862,0.0475691049664043,0.0645455132294852,0.3900961879846624,0.052786339508212,0.4486926346047107,0.5309535710548643,-0.4670651651680906,0.4692054561944097,0.278156545488718,1.806676837496627,0.6250672885108959,-0.3639054223689227,0.4239569184546068,0.4239569184546073,0.0032663547917654,0.9970974470400272,0.9970974470400272,-1.389344902438857,1.0402176532637073,1.0402176532637106
2017,Agricultural Products,10176.748441000002,0.0626261442523077,2.059722812247,10385.334829,-0.234693669226131,-0.2279719596094265,-0.0232598819272445,-0.2293802231328746,0.0485511225708034,0.0625188550826381,0.4499170062945644,0.052260214204126,0.4644101902806656,0.5048368487824978,0.0238783793859627,0.4616903947167592,0.2791585865318872,1.7927644389669486,0.620253928951984,-0.3590133469522378,0.3964416497891794,0.3964416497891798,0.0046499900043096,0.9894192520423168,0.989419252042317,-1.28399369986957,0.816728299648323,0.8167282996483247
2018,Agricultural Products,8674.170198,0.0492139158722941,-14.764816598457188,9607.428193666668,-0.2712249955991023,-0.2844816510987449,-0.6538072174145212,-0.2486919178693436,0.0413666823492772,0.0491050915767647,0.3622152712881744,0.0483359277826624,0.3494205621145833,0.3319791141640003,-0.6958810933869203,0.4056367255923655,0.2916950862542443,1.7337545577048512,0.599837911150506,-0.2978087660410091,0.2797347618016126,0.2797347618016133,0.0219606007583781,0.9568519435257032,0.9568519435257034,0.0340514348713296,-0.1312089084508666,-0.131208908450863
2019,Agricultural Products,9145.108,0.057192533756755,5.429197159499877,9332.008879666668,-0.2597753538740346,-0.2508653703147171,0.1030207264025918,-0.2555292598778953,0.0436184283081237,0.057084622671342,0.4674811570329549,0.04694652676068,0.3854605906412922,0.4348080978211621,0.1680256288588074,0.3857908181322648,0.2879311313263753,1.7648229616543092,0.61058684123695,-0.3161848111118783,0.3411803478989162,0.341180347898917,0.0167632681619437,0.9739984666994528,0.9739984666994532,-0.3616780422501316,0.3678752359340099,0.3678752359340141
2020,Agricultural Products,9326.06,0.0811257973803063,1.9786753748561647,9048.446066,-0.2553759712790599,-0.1500274405256003,-0.0262973645261648,-0.2625687659669498,0.0444836337195704,0.0810206256287951,0.4494945281093681,0.0455160444267334,0.3993085238806055,0.7432616683075736,0.0204111426680941,0.3653581139859084,0.2913712082681583,1.7758792093488505,0.6144120404226038,-0.2993899742605102,0.3630468596364753,0.363046859636476,0.0215133845598289,0.9801003639072262,0.9801003639072264,0.0,0.5454832627162697,0.5454832627162732
2021,Agricultural Products,10786.671263,0.0708718163166492,15.66161125920269,9752.613087666668,-0.219864964114363,-0.1932305004517234,0.4865094679764095,-0.2450876725448732,0.0514674126707151,0.0707654709233648,0.5208199408142712,0.0490683384374213,0.5110864940528794,0.6111076453320908,0.605771756572128,0.4160983229621437,0.2934581320860743,1.7331835630887176,0.5996403605708708,-0.2892013809132442,0.2786054762771997,0.2786054762772004,0.0243950442483712,0.9565368139672762,0.9565368139672764,0.2194121043111927,-0.1403813899180518,-0.1403813899180485
2022,Agricultural Products,12834.879324,0.0613621684403775,18.988323747527925,10982.536862333334,-0.1700680517041642,-0.2332974641533675,0.6111874543533292,-0.2145545578924822,0.0612607318832459,0.0612547345995988,0.5381611856454922,0.0552729045757363,0.6678321972722505,0.4885466403792162,0.748089639291731,0.5047230205569255,0.3023131332714698,1.6435528979887315,0.5686302786133768,-0.2459702838348434,0.1013382835910474,0.1013382835910481,0.0366221795845476,0.9070700219584024,0.9070700219584026,1.1503969476898692,-1.5802121541518992,-1.5802121541518972
2023,Agricultural Products,11793.402072,0.0599276505991036,-8.114429639026977,11804.984219666669,-0.1953888931179694,-0.239341512789395,-0.4045651029730336,-0.1941371304272554,0.056281003809895,0.0598200525674558,0.3968819245954751,0.0594218844791779,0.5881298040632248,0.4700584744095749,-0.4113752953494571,0.5639861633895362,0.2922472202481632,1.710958418327806,0.5919509881916274,-0.2951131866964506,0.2346496603249786,0.2346496603249787,0.0227229967113549,0.9442708488310284,0.9442708488310284,0.0921009335772603,-0.4974070477173519,-0.4974070477173535
2024,Agricultural Products,11924.018211,0.0631555380765238,1.1075357068518032,12184.099868999998,-0.1922132975537347,-0.2257414665969915,-0.058945794482467,-0.1847255052306066,0.0569055329131106,0.0630483094997794,0.4449535146259163,0.061334399847048,0.5981256237991154,0.5116597133045024,-0.0168565062611504,0.5913041244434412,0.287523897173771,1.741922421611935,0.6026637981267297,-0.3181729733736647,0.2958887678377845,0.2958887678377847,0.0162009523594774,0.9613597537109536,0.9613597537109538,-0.4044932622419769,0.0,0.0
2015,Automotive Products,4661.574516000001,0.0269860745394583,,4661.574516000001,-0.3687809419498553,-0.3781341315518699,-0.0441786041770094,-0.3714737686674334,0.0221808236794978,0.026874706107856,0.4470074575070757,0.0233857016909456,0.0423437841806927,0.0455051450822489,0.0,0.0492530247812781,0.2757910220232641,1.811936077922884,0.6268868608243495,-0.3754541700692546,0.4343583897031356,0.4343583897031354,0.0,1.0,1.0,-1.6380480304097882,1.124702312099824,1.1247023120998212
2016,Automotive Products,3294.518429,0.0213610739092353,-29.32605887362374,3978.0464725,-0.4020173955701636,-0.4018339255931641,-1.1995310731385849,-0.3884424951447846,0.0156443702320449,0.0212490616559142,0.2863114869285257,0.0199375246244944,-0.062274575534442,-0.0269902552806684,-1.3188159510403834,0.0,0.278156545488718,1.806676837496627,0.6250672885108959,-0.3639054223689227,0.4239569184546068,0.4239569184546073,0.0032663547917654,0.9970974470400272,0.9970974470400272,-1.389344902438857,1.0402176532637073,1.0402176532637106
2017,Automotive Products,3319.445973,0.0204273598338461,0.7566369573342113,3758.512972666667,-0.4014113464344312,-0.4057679396022087,-0.072096720408758,-0.3938924601414109,0.0157635590001319,0.0203152407102435,0.4431243751533262,0.0188300493911931,-0.0603669151320588,-0.0390240273937122,-0.0318680731625753,-0.0158189397061832,0.2791585865318872,1.7927644389669486,0.620253928951984,-0.3590133469522378,0.3964416497891794,0.3964416497891798,0.0046499900043096,0.9894192520423168,0.989419252042317,-1.28399369986957,0.816728299648323,0.8167282996483247
2018,Automotive Products,4425.308463,0.0251075034770759,33.31467055029549,3679.757621666666,-0.3745251435135383,-0.386049107957594,1.1481079359924553,-0.395847578182953,0.0210511391908116,0.0249959200295243,0.6128405239759419,0.0184327542139712,0.0242627652991103,0.0212939902343953,1.360975589379673,-0.0214938191662843,0.2916950862542443,1.7337545577048512,0.599837911150506,-0.2978087660410091,0.2797347618016126,0.2797347618016133,0.0219606007583781,0.9568519435257032,0.9568519435257034,0.0340514348713296,-0.1312089084508666,-0.131208908450863
2019,Automotive Products,3750.508,0.0234552785374409,-15.248665005886174,3831.754145333334,-0.3909311816452145,-0.3930104210939601,-0.671940808869037,-0.3920742327289739,0.0178246425937344,0.0233435059808793,0.3596931015112946,0.0191995273289468,-0.0273785084170232,0.0,-0.7165802915124582,-0.0105413957536486,0.2879311313263753,1.7648229616543092,0.61058684123695,-0.3161848111118783,0.3411803478989162,0.341180347898917,0.0167632681619437,0.9739984666994528,0.9739984666994532,-0.3616780422501316,0.3678752359340099,0.3678752359340141
2020,Automotive Products,1821.155,0.0158419151847759,-51.44244459683862,3332.323821,-0.4378384388612842,-0.4250877763301932,-2.0284053589635844,-0.4044726948677218,0.0085996179673647,0.0157292712241022,0.1710248004613498,0.0166800634868514,-0.175028446185432,-0.0981215577815732,-2.264962394589092,-0.0465288791858649,0.2913712082681583,1.7758792093488505,0.6144120404226038,-0.2993899742605102,0.3630468596364753,0.363046859636476,0.0215133845598289,0.9801003639072262,0.9801003639072264,0.0,0.5454832627162697,0.5454832627162732
2021,Automotive Products,1848.500741,0.0121452301440496,1.5015603284728618,2473.387913666667,-0.4371735974834487,-0.4406630055363938,-0.0441786041770094,-0.4257959582096081,0.0087303691228823,0.0120321630712247,0.4470074575070757,0.0123470106949679,-0.1729357254874151,-0.1457646923624198,0.0,-0.1084212798440659,0.2934581320860743,1.7331835630887176,0.5996403605708708,-0.2892013809132442,0.2786054762771997,0.2786054762772004,0.0243950442483712,0.9565368139672762,0.9565368139672764,0.2194121043111927,-0.1403813899180518,-0.1403813899180485
2022,Automotive Products,1685.444353,0.0080579269718787,-8.821007445839047,1785.0333646666668,-0.4411378942879419,-0.4578840246495844,-0.4310461104184045,-0.4428845036943135,0.0079507299408421,0.0079443920778522,0.3931987272096969,0.0088744854752339,-0.1854141395158181,-0.1984421406597731,-0.4416029323319301,-0.1580220884467381,0.3023131332714698,1.6435528979887315,0.5686302786133768,-0.2459702838348434,0.1013382835910474,0.1013382835910481,0.0366221795845476,0.9070700219584024,0.9070700219584026,1.1503969476898692,-1.5802121541518992,-1.5802121541518972
2023,Automotive Products,3498.757163,0.0177787796528349,107.586631784811,2344.234085666667,-0.3970518559155631,-0.4169271925371423,3.931660348015241,-0.4290022289715404,0.016620919028874,0.0176663573802094,1.0,0.0116954715635614,-0.0466445501502855,-0.073159113456464,4.538355151161413,-0.1177277256462138,0.2922472202481632,1.710958418327806,0.5919509881916274,-0.2951131866964506,0.2346496603249786,0.2346496603249787,0.0227229967113549,0.9442708488310284,0.9442708488310284,0.0921009335772603,-0.4974070477173519,-0.4974070477173535
2024,Automotive Products,3801.795702,0.0201362031630685,8.661319573838622,2995.332406,-0.3896842530480449,-0.4069946689103091,0.2241536814618767,-0.412838577146772,0.0180698700425113,0.0200240507144939,0.4843293296081996,0.0149800512052134,-0.023453552222597,-0.0427764748695304,0.3062969162975465,-0.0708114915408516,0.287523897173771,1.741922421611935,0.6026637981267297,-0.3181729733736647,0.2958887678377845,0.2958887678377847,0.0162009523594774,0.9613597537109536,0.9613597537109538,-0.4044932622419769,0.0,0.0
2015,Chemicals,7190.111749,0.0416238957329903,,7190.111749,-0.3073060608012319,-0.3164606544617444,-0.0441786041770094,-0.3087023036155017,0.0342707928262106,0.0415142027051472,0.4470074575070757,0.0361413511210026,0.2358482206925982,0.234158405343987,0.0,0.2314519969838478,0.2757910220232641,1.811936077922884,0.6268868608243495,-0.3754541700692546,0.4343583897031356,0.4343583897031354,0.0,1.0,1.0,-1.6380480304097882,1.124702312099824,1.1247023120998212
2016,Chemicals,6999.367971,0.0453826620699305,-2.6528624958649494,7094.73986,-0.3119435053005075,-0.3006238583632343,-0.1998773831110172,-0.3110699306842941,0.0333587689252569,0.0452733992598887,0.4253515844546007,0.0356602309042664,0.2212509401786584,0.2826016479994698,-0.177727610172709,0.2245797785620527,0.278156545488718,1.806676837496627,0.6250672885108959,-0.3639054223689227,0.4239569184546068,0.4239569184546073,0.0032663547917654,0.9970974470400272,0.9970974470400272,-1.389344902438857,1.0402176532637073,1.0402176532637106
2017,Chemicals,6739.077480999999,0.041471246036923,-3.718771338761495,6976.185733666666,-0.3182717992753927,-0.3171038128531982,-0.2398253403390845,-0.3140130616379427,0.0321142137918729,0.0413615355372259,0.4197952923862898,0.0350621638264878,0.201331374059753,0.2321910454165557,-0.2233275501210835,0.2160371161537641,0.2791585865318872,1.7927644389669486,0.620253928951984,-0.3590133469522378,0.3964416497891794,0.3964416497891798,0.0046499900043096,0.9894192520423168,0.989419252042317,-1.28399369986957,0.816728299648323,0.8167282996483247
2018,Chemicals,6890.658235000001,0.0390949528244454,2.24928047536721,6876.367895666666,-0.3145865030041123,-0.3271158401256666,-0.0161556708410499,-0.3164910603194738,0.0328389832811958,0.0389849703409244,0.4509051186900111,0.0345586152404607,0.2129315783225233,0.2015652127912859,0.0319877201730667,0.2088445356950992,0.2916950862542443,1.7337545577048512,0.599837911150506,-0.2978087660410091,0.2797347618016126,0.2797347618016133,0.0219606007583781,0.9568519435257032,0.9568519435257034,0.0340514348713296,-0.1312089084508666,-0.131208908450863
2019,Chemicals,7143.237,0.0446730452231948,3.665524488169592,6924.324238666667,-0.3084456997933094,-0.3036136843599653,0.0369220905688223,-0.3153005340858255,0.0340466655079439,0.0445637011924087,0.458287612444114,0.0348005394214741,0.2322609799063036,0.2734560565959829,0.0925751168969173,0.2123001290283352,0.2879311313263753,1.7648229616543092,0.61058684123695,-0.3161848111118783,0.3411803478989162,0.341180347898917,0.0167632681619437,0.9739984666994528,0.9739984666994532,-0.3616780422501316,0.3678752359340099,0.3678752359340141
2020,Chemicals,6662.157,0.057952961797135,-6.734761845365068,6898.684078333333,-0.3201419229839369,-0.2476614617065297,-0.3528581391201245,-0.3159370564226472,0.0317464255584614,0.0578451377481723,0.4040737564954678,0.0346711931368816,0.1954447870884906,0.4446085474314853,-0.3523526416216508,0.210452574324029,0.2913712082681583,1.7758792093488505,0.6144120404226038,-0.2993899742605102,0.3630468596364753,0.363046859636476,0.0215133845598289,0.9801003639072262,0.9801003639072264,0.0,0.5454832627162697,0.5454832627162732
2021,Chemicals,8193.536737,0.0538341084519969,22.986245100498227,7332.976912333334,-0.2829103623421383,-0.265015411045056,0.761020896747554,-0.3051556460894518,0.0390685774851169,0.0537258129706888,0.5590012592139557,0.0368620594876679,0.3126385421285751,0.3915244783048849,0.919122063714036,0.2417464413697834,0.2934581320860743,1.7331835630887176,0.5996403605708708,-0.2892013809132442,0.2786054762771997,0.2786054762772004,0.0243950442483712,0.9565368139672762,0.9565368139672764,0.2194121043111927,-0.1403813899180518,-0.1403813899180485
2022,Chemicals,10722.088852,0.051261145941501,30.860325597634542,8525.927529666667,-0.2214351193759511,-0.2758560643326463,1.0561243973951135,-0.2755403977920108,0.0511586177887493,0.0511525559661555,0.6000466931673794,0.042880108050876,0.50614411753335,0.3583639580526797,1.255977884182102,0.3277069617567713,0.3023131332714698,1.6435528979887315,0.5686302786133768,-0.2459702838348434,0.1013382835910474,0.1013382835910481,0.0366221795845476,0.9070700219584024,0.9070700219584026,1.1503969476898692,-1.5802121541518992,-1.5802121541518972
2023,Chemicals,9067.683388,0.0460770317590983,-15.429880192527987,9327.769659,-0.2616577342315629,-0.2976982731582523,-0.6787323619866295,-0.255634499416571,0.0432482296185178,0.0459678484246542,0.3587484761702952,0.0469251412687145,0.3795354234253689,0.291550732973012,-0.7243327383409738,0.385485352332384,0.2922472202481632,1.710958418327806,0.5919509881916274,-0.2951131866964506,0.2346496603249786,0.2346496603249787,0.0227229967113549,0.9442708488310284,0.9442708488310284,0.0921009335772603,-0.4974070477173519,-0.4974070477173535
2024,Chemicals,9135.156964,0.0483843401834706,0.7441104096035378,9641.643068,-0.2600172877271026,-0.2879768992345665,-0.072566188315226,-0.2478425264661081,0.0435708483410788,0.0482754209370459,0.4430590776766582,0.0485085307155334,0.3846990556364842,0.3212874848387572,-0.0324039631010873,0.4081021490222498,0.287523897173771,1.741922421611935,0.6026637981267297,-0.3181729733736647,0.2958887678377845,0.2958887678377847,0.0162009523594774,0.9613597537109536,0.9613597537109538,-0.4044932622419769,0.0,0.0
2015,Clothing,423.878663,0.0024538535544465,,423.878663,-0.4718096201544881,-0.4814956461437796,-0.0441786041770094,-0.4766754535252435,0.0019186691629372,0.002339677233971,0.4470074575070757,0.0020079019154047,-0.28195950763625,-0.2706678296449534,0.0,-0.2561029015016916,0.2757910220232641,1.811936077922884,0.6268868608243495,-0.3754541700692546,0.4343583897031356,0.4343583897031354,0.0,1.0,1.0,-1.6380480304097882,1.124702312099824,1.1247023120998212
2016,Clothing,468.912528,0.0030403457693252,10.624234935835863,446.3955955,-0.4707147375233734,-0.4790245806962906,0.2977195022597371,-0.4761164659718653,0.0021339944629967,0.0029262365770957,0.4945614719994693,0.0021214925295597,-0.2785131464132281,-0.263109077082524,0.3902710977928244,-0.2544803974289368,0.278156545488718,1.806676837496627,0.6250672885108959,-0.3639054223689227,0.4239569184546068,0.4239569184546073,0.0032663547917654,0.9970974470400272,0.9970974470400272,-1.389344902438857,1.0402176532637073,1.0402176532637106
2017,Clothing,512.172829,0.0031518327938461,9.22566543157064,468.32134,-0.4696629745405229,-0.4785548528343548,0.2453041431892157,-0.4755721547840936,0.0023408396292618,0.0030377363621072,0.4872711106375975,0.0022321007921888,-0.2752025128741647,-0.2616722245363239,0.3304398225077651,-0.2529004926284303,0.2791585865318872,1.7927644389669486,0.620253928951984,-0.3590133469522378,0.3964416497891794,0.3964416497891798,0.0046499900043096,0.9894192520423168,0.989419252042317,-1.28399369986957,0.816728299648323,0.8167282996483247
2018,Clothing,752.832321,0.00427128194005,46.98794593806928,577.9725593333334,-0.463811957804481,-0.4738382819486226,1.660552713984964,-0.4728500403566474,0.0034915309440547,0.0041573136373053,0.6841155791471396,0.0027852555945544,-0.2567852719560036,-0.2472446858790064,1.9459229239807685,-0.2449993475701119,0.2916950862542443,1.7337545577048512,0.599837911150506,-0.2978087660410091,0.2797347618016126,0.2797347618016133,0.0219606007583781,0.9568519435257032,0.9568519435257034,0.0340514348713296,-0.1312089084508666,-0.131208908450863
2019,Clothing,885.503,0.0055378416765781,17.622872358053286,716.83605,-0.4605864113830208,-0.4685018905648723,0.5600132905707025,-0.4694027251905464,0.0041258836420691,0.0054240183406912,0.5310434599829624,0.0034857768217924,-0.2466322219449157,-0.2309211756753256,0.6896751681318258,-0.2349932519723384,0.2879311313263753,1.7648229616543092,0.61058684123695,-0.3161848111118783,0.3411803478989162,0.341180347898917,0.0167632681619437,0.9739984666994528,0.9739984666994532,-0.3616780422501316,0.3678752359340099,0.3678752359340141
2020,Clothing,663.289,0.0057698373180727,-25.094663710907817,767.2081069999999,-0.4659889734102971,-0.4675244241993829,-1.040947537499757,-0.4681522283521757,0.0030633877575295,0.0056560405357531,0.3083685957865387,0.0037398874956544,-0.2636378623182788,-0.2279311996703032,-1.1377954382605528,-0.2313635893779536,0.2913712082681583,1.7758792093488505,0.6144120404226038,-0.2993899742605102,0.3630468596364753,0.363046859636476,0.0215133845598289,0.9801003639072262,0.9801003639072264,0.0,0.5454832627162697,0.5454832627162732
2021,Clothing,764.458754,0.0050227339903259,15.252741112848245,771.0835846666668,-0.4635292909813355,-0.4706721918458485,0.4711858995237681,-0.4680560188094654,0.0035471216683762,0.004908851696665,0.5186886122618362,0.003759438022277,-0.2558955218123448,-0.2375599194550554,0.5882801537538415,-0.2310843338311318,0.2934581320860743,1.7331835630887176,0.5996403605708708,-0.2892013809132442,0.2786054762771997,0.2786054762772004,0.0243950442483712,0.9565368139672762,0.9565368139672764,0.2194121043111927,-0.1403813899180518,-0.1403813899180485
2022,Clothing,713.6412670000001,0.0034118416329613,-6.647511946733486,713.7963403333333,-0.4647647875098522,-0.477459358568481,-0.3495882016935654,-0.4694781866180543,0.0033041425095467,0.0032977749611013,0.4045285664193729,0.0034704424733908,-0.2597844932929898,-0.2583212124869605,-0.348620061519125,-0.2352122845299107,0.3023131332714698,1.6435528979887315,0.5686302786133768,-0.2459702838348434,0.1013382835910474,0.1013382835910481,0.0366221795845476,0.9070700219584024,0.9070700219584026,1.1503969476898692,-1.5802121541518992,-1.5802121541518972
2023,Clothing,938.771994,0.0047703283331808,31.546764097093604,805.6240050000001,-0.4592913127654017,-0.4717356516536671,1.081850627174362,-0.4671985456587693,0.0043805844570428,0.0046564171498798,0.6036249098369805,0.0039336832290269,-0.2425556410138545,-0.2408129411650057,1.2853439548007917,-0.228595452511907,0.2922472202481632,1.710958418327806,0.5919509881916274,-0.2951131866964506,0.2346496603249786,0.2346496603249787,0.0227229967113549,0.9442708488310284,0.9442708488310284,0.0921009335772603,-0.4974070477173519,-0.4974070477173535
2024,Clothing,880.4858489999999,0.0046634914991207,-6.2087647876721945,844.2997033333332,-0.4607083905088981,-0.4721857868855894,-0.3331449074466693,-0.4662384133678124,0.0041018945941711,0.0045495680875768,0.4068156356900074,0.0041287895707347,-0.2470161755464208,-0.2421898617322815,-0.3298503100164099,-0.2258085951963082,0.287523897173771,1.741922421611935,0.6026637981267297,-0.3181729733736647,0.2958887678377845,0.2958887678377847,0.0162009523594774,0.9613597537109536,0.9613597537109538,-0.4044932622419769,0.0,0.0
2015,Electronic Data Processing And Office Equipment,631.5112310000001,0.0036558482748216,,631.5112310000001,-0.4667615681528019,-0.4764312863002352,-0.0441786041770094,-0.4715209316476316,0.0029114452661368,0.0035418095312741,0.4470074575070757,0.0030553408113423,-0.2660697582000945,-0.255176437871678,0.0,-0.2411415080162984,0.2757910220232641,1.811936077922884,0.6268868608243495,-0.3754541700692546,0.4343583897031356,0.4343583897031354,0.0,1.0,1.0,-1.6380480304097882,1.124702312099824,1.1247023120998212
2016,Electronic Data Processing And Office Equipment,459.314801,0.0029781158075794,-27.26735829025978,545.413016,-0.4709480815765761,-0.4792867739605275,-1.1223754294851036,-0.4736583378219888,0.0020881038105696,0.0028639994926838,0.297042931553085,0.0026210032691615,-0.2792476433115501,-0.2639111011689021,-1.2307440454560596,-0.2473454927062387,0.278156545488718,1.806676837496627,0.6250672885108959,-0.3639054223689227,0.4239569184546068,0.4239569184546073,0.0032663547917654,0.9970974470400272,0.9970974470400272,-1.389344902438857,1.0402176532637073,1.0402176532637106
2017,Electronic Data Processing And Office Equipment,893.830115,0.0055004930153846,94.60076467250616,661.552049,-0.4603839589934514,-0.4686592515388868,3.4449781449086205,-0.470775162064883,0.0041656989796158,0.0053866654046752,0.9323082166762338,0.0032068869851534,-0.2459949627126547,-0.2314025278251714,3.982815374523923,-0.2389768548356804,0.2791585865318872,1.7927644389669486,0.620253928951984,-0.3590133469522378,0.3964416497891794,0.3964416497891798,0.0046499900043096,0.9894192520423168,0.989419252042317,-1.28399369986957,0.816728299648323,0.8167282996483247
2018,Electronic Data Processing And Office Equipment,362.101353,0.0020544242408218,-59.488794691147774,571.7487563333333,-0.4733115765980661,-0.483178560171575,-2.3299651513901445,-0.4730045475663518,0.0016232866144347,0.0019402022027928,0.1290813720848932,0.0027538585290283,-0.2866872147883366,-0.2758157024918157,-2.609187966549852,-0.2454478165485362,0.2916950862542443,1.7337545577048512,0.599837911150506,-0.2978087660410091,0.2797347618016126,0.2797347618016133,0.0219606007583781,0.9568519435257032,0.9568519435257034,0.0340514348713296,-0.1312089084508666,-0.131208908450863
2019,Electronic Data Processing And Office Equipment,330.569,0.0020673434027719,-8.70815663591291,528.8334893333332,-0.4740782046815734,-0.4831241279150241,-0.4268167062267371,-0.474069928035157,0.0014725175571641,0.0019531228434337,0.3937869877014582,0.002537364939808,-0.2891003294221758,-0.2756491994317283,-0.4367751366061967,-0.2485401647398744,0.2879311313263753,1.7648229616543092,0.61058684123695,-0.3161848111118783,0.3411803478989162,0.341180347898917,0.0167632681619437,0.9739984666994528,0.9739984666994532,-0.3616780422501316,0.3678752359340099,0.3678752359340141
2020,Electronic Data Processing And Office Equipment,250.006,0.0021747593410144,-24.37100877577753,314.225451,-0.4760368868735301,-0.4826715527456239,-1.0138265162331472,-0.479397617421056,0.001087312952836,0.0020605510762018,0.3121408115844039,0.0014547370606827,-0.2952656718641427,-0.2742648153293678,-1.1068372359666172,-0.2640041901457218,0.2913712082681583,1.7758792093488505,0.6144120404226038,-0.2993899742605102,0.3630468596364753,0.363046859636476,0.0215133845598289,0.9801003639072262,0.9801003639072264,0.0,0.5454832627162697,0.5454832627162732
2021,Electronic Data Processing And Office Equipment,272.51082,0.0017904816331602,9.001711958912995,284.36194000000006,-0.4754897400422653,-0.4842906285696997,0.2369108515804388,-0.4801389853204879,0.0011949176880565,0.0016762293850042,0.4861037022685883,0.0013040853431224,-0.2935434182006145,-0.2792174132245132,0.3208590173831287,-0.2661560671042843,0.2934581320860743,1.7331835630887176,0.5996403605708708,-0.2892013809132442,0.2786054762771997,0.2786054762772004,0.0243950442483712,0.9565368139672762,0.9565368139672764,0.2194121043111927,-0.1403813899180518,-0.1403813899180485
2022,Electronic Data Processing And Office Equipment,244.027901,0.0011666709742501,-10.452032326643046,255.514907,-0.4761822289791251,-0.4869189276773474,-0.4921733940604219,-0.4808551189412148,0.0010587292201059,0.0010523473264842,0.3846966393728023,0.0011585614270641,-0.2957231650990891,-0.2872571284958963,-0.5113787270582955,-0.2682346996413491,0.3023131332714698,1.6435528979887315,0.5686302786133768,-0.2459702838348434,0.1013382835910474,0.1013382835910481,0.0366221795845476,0.9070700219584024,0.9070700219584026,1.1503969476898692,-1.5802121541518992,-1.5802121541518972
2023,Electronic Data Processing And Office Equipment,280.426733,0.0014249760307732,14.91584849553742,265.6551513333334,-0.475297284971995,-0.4858306119522735,0.4585598931288754,-0.4806033852572174,0.0012327669009093,0.0013106819478761,0.5169324829362271,0.001209715667612,-0.2929376275226876,-0.2839280749153875,0.5738677739140438,-0.2675040233945041,0.2922472202481632,1.710958418327806,0.5919509881916274,-0.2951131866964506,0.2346496603249786,0.2346496603249787,0.0227229967113549,0.9442708488310284,0.9442708488310284,0.0921009335772603,-0.4974070477173519,-0.4974070477173535
2024,Electronic Data Processing And Office Equipment,367.14504,0.0019445829537509,30.92369478198072,297.19989133333337,-0.4731889523175813,-0.4836413540540902,1.058499337318643,-0.479820280496631,0.0016474025417859,0.0018303483435977,0.6003770194412483,0.0013688486396525,-0.2863012304341654,-0.2772313446590002,1.258688839269885,-0.2652310020083099,0.287523897173771,1.741922421611935,0.6026637981267297,-0.3181729733736647,0.2958887678377845,0.2958887678377847,0.0162009523594774,0.9613597537109536,0.9613597537109538,-0.4044932622419769,0.0,0.0
2015,Food,10243.046248,0.0592974774104515,,10243.046248,-0.2330818085216305,-0.2419966191197224,-0.0441786041770094,-0.2329125668820443,0.0488681194616001,0.0591898072509566,0.4470074575070757,0.0515424145081402,0.4694838429910466,0.4619367584112073,0.0,0.4514374971615972,0.2757910220232641,1.811936077922884,0.6268868608243495,-0.3754541700692546,0.4343583897031356,0.4343583897031354,0.0,1.0,1.0,-1.6380480304097882,1.124702312099824,1.1247023120998212
2016,Food,9291.262409,0.0602428996243288,-9.291999820715835,9767.1543285,-0.2562219852285738,-0.2380132752547336,-0.4486978855882161,-0.2447266832033407,0.0443172522259228,0.060135337675196,0.3907435724239917,0.049141694276492,0.3966455264168753,0.4741214258295135,-0.4617521450471193,0.417146122100636,0.278156545488718,1.806676837496627,0.6250672885108959,-0.3639054223689227,0.4239569184546068,0.4239569184546073,0.0032663547917654,0.9970974470400272,0.9970974470400272,-1.389344902438857,1.0402176532637073,1.0402176532637106
2017,Food,9668.870327,0.0595007404738461,4.064118538232542,9734.392994666669,-0.2470414196522119,-0.2411402116176909,0.0518605331658524,-0.245539990160001,0.0461227498941371,0.0593930935792686,0.4603653745094162,0.0489764239835395,0.4255431856806587,0.4645564269461066,0.1096271048485868,0.4147854365332986,0.2791585865318872,1.7927644389669486,0.620253928951984,-0.3590133469522378,0.3964416497891794,0.3964416497891798,0.0046499900043096,0.9894192520423168,0.989419252042317,-1.28399369986957,0.816728299648323,0.8167282996483247
2018,Food,7971.404563999999,0.0452266931178236,-17.555988503226526,8977.1791,-0.2883109349563129,-0.3012810017637006,-0.7584143014170419,-0.2643379832864507,0.0380064728488818,0.0451174124560152,0.3476656534487927,0.0451565257206706,0.2956391638293154,0.2805915092687429,-0.8152883692447725,0.3602228255718281,0.2916950862542443,1.7337545577048512,0.599837911150506,-0.2978087660410091,0.2797347618016126,0.2797347618016133,0.0219606007583781,0.9568519435257032,0.9568519435257034,0.0340514348713296,-0.1312089084508666,-0.131208908450863
2019,Food,8532.761999999999,0.053362986935021,7.042139581463092,8724.345630333333,-0.2746629723281129,-0.267000385564127,0.1634703186105209,-0.2706146269909651,0.0406905520045862,0.0532546375304718,0.4758889859439552,0.0438810629506696,0.3385988453864144,0.3854526313420164,0.2370278498947454,0.3420043877689483,0.2879311313263753,1.7648229616543092,0.61058684123695,-0.3161848111118783,0.3411803478989162,0.341180347898917,0.0167632681619437,0.9739984666994528,0.9739984666994532,-0.3616780422501316,0.3678752359340099,0.3678752359340141
2020,Food,8803.355,0.0765788761810353,3.1712240421097,8435.840521333334,-0.2680841993136008,-0.1691849665471476,0.0183967793204835,-0.2777768265941762,0.0419843676457484,0.0764731840017385,0.4557109590406749,0.0424256483413232,0.3593068441873425,0.6846606308270285,0.0714287770321175,0.3212155563256305,0.2913712082681583,1.7758792093488505,0.6144120404226038,-0.2993899742605102,0.3630468596364753,0.363046859636476,0.0215133845598289,0.9801003639072262,0.9801003639072264,0.0,0.5454832627162697,0.5454832627162732
2021,Food,10190.897891,0.0669573982392606,15.761523771334907,9175.671630333332,-0.234349661732108,-0.2097231034440098,0.4902539727601023,-0.2594103647533807,0.0486187768697832,0.0668506048127154,0.5213407574885908,0.0461578560939683,0.4654930224072681,0.5606583521918556,0.6100460475527147,0.3745256147673474,0.2934581320860743,1.7331835630887176,0.5996403605708708,-0.2892013809132442,0.2786054762771997,0.2786054762772004,0.0243950442483712,0.9565368139672762,0.9565368139672764,0.2194121043111927,-0.1403813899180518,-0.1403813899180485
2022,Food,12119.431355,0.0579416891607622,18.924077982403983,10371.228082,-0.1874623294265911,-0.2477089566630462,0.6087796620788215,-0.2297304260742235,0.0578398829598446,0.0578338638215654,0.5378262899951186,0.0521890502453825,0.6130802425499242,0.4444632649078531,0.7453411837825074,0.4606739039287347,0.3023131332714698,1.6435528979887315,0.5686302786133768,-0.2459702838348434,0.1013382835910474,0.1013382835910481,0.0366221795845476,0.9070700219584024,0.9070700219584026,1.1503969476898692,-1.5802121541518992,-1.5802121541518972
2023,Food,11036.32536,0.0560805987987438,-8.936937412935265,11115.551535333332,-0.2137952666857304,-0.2555502816995423,-0.4353909147587326,-0.2112524408468467,0.0526611108653426,0.0559725604443894,0.3925944159114569,0.0559439204167127,0.5301920760203465,0.4204774025452489,-0.4465624554403406,0.5143076675188794,0.2922472202481632,1.710958418327806,0.5919509881916274,-0.2951131866964506,0.2346496603249786,0.2346496603249787,0.0227229967113549,0.9442708488310284,0.9442708488310284,0.0921009335772603,-0.4974070477173519,-0.4974070477173535
2024,Food,11241.973863,0.0595430915817461,1.8633784007977103,11465.910192666664,-0.2087954521228585,-0.2409617738537451,-0.0306184456569832,-0.2025547139842891,0.0536444003434998,0.059435449534557,0.4488935164311832,0.057711366096137,0.5459299885071315,0.4651022509779348,0.0154786992154178,0.5395534841259254,0.287523897173771,1.741922421611935,0.6026637981267297,-0.3181729733736647,0.2958887678377845,0.2958887678377847,0.0162009523594774,0.9613597537109536,0.9613597537109538,-0.4044932622419769,0.0,0.0
2015,Fuels,35557.475972,0.205843903968903,,35557.475972,0.3823734587839312,0.3754468898217618,-0.0441786041770094,0.3955234395137713,0.1699067461962648,0.2057530071003711,0.4470074575070757,0.1792454939277175,2.4067519185538684,2.3506373228213904,0.0,2.275521009720648,0.2757910220232641,1.811936077922884,0.6268868608243495,-0.3754541700692546,0.4343583897031356,0.4343583897031354,0.0,1.0,1.0,-1.6380480304097882,1.124702312099824,1.1247023120998212
2016,Fuels,30147.545818,0.1954713468079846,-15.214606791157204,32852.510895,0.2508449177369328,0.3317442336701353,-0.6706643806694547,0.3283721163765805,0.144039660754881,0.1953792627257936,0.3598706376952005,0.1655998233034325,1.992739630201484,2.2169550828358964,-0.7151232695947398,2.0806091648638056,0.278156545488718,1.806676837496627,0.6250672885108959,-0.3639054223689227,0.4239569184546068,0.4239569184546073,0.0032663547917654,0.9970974470400272,0.9970974470400272,-1.389344902438857,1.0402176532637073,1.0402176532637106
2017,Fuels,35760.737915,0.220066079476923,18.619068135385564,33821.91990166667,0.3873152502770063,0.4353691285052888,0.5973485529328271,0.3524378974886139,0.1708786245564087,0.2199768104385165,0.5362363568549264,0.1704901770154515,2.4223071918681014,2.533933712504588,0.732292759613413,2.150461932841053,0.2791585865318872,1.7927644389669486,0.620253928951984,-0.3590133469522378,0.3964416497891794,0.3964416497891798,0.0046499900043096,0.9894192520423168,0.989419252042317,-1.28399369986957,0.816728299648323,0.8167282996483247
2018,Fuels,42383.226118,0.2404661745106874,18.51888017171528,36097.16995033333,0.5483240224138356,0.521320772337172,0.5935937248214553,0.4089214552746444,0.2025434452297214,0.2403792404096636,0.5357141043268691,0.1819680748323162,2.929114381140864,2.796851559832133,0.7280066847230874,2.3144097738934346,0.2916950862542443,1.7337545577048512,0.599837911150506,-0.2978087660410091,0.2797347618016126,0.2797347618016133,0.0219606007583781,0.9568519435257032,0.9568519435257034,0.0340514348713296,-0.1312089084508666,-0.131208908450863
2019,Fuels,35549.504,0.2223228208519677,-16.123647829389142,37897.82267766666,0.3821796407832215,0.4448774484698514,-0.7047332719783637,0.4536230354093237,0.1698686289424389,0.2222338101138186,0.3551320547064603,0.1910517832449817,2.406141837780837,2.563018752712475,-0.7540123519306556,2.4441595248293297,0.2879311313263753,1.7648229616543092,0.61058684123695,-0.3161848111118783,0.3411803478989162,0.341180347898917,0.0167632681619437,0.9739984666994528,0.9739984666994532,-0.3616780422501316,0.3678752359340099,0.3678752359340141
2020,Fuels,20442.477,0.1778256034224068,-42.49574621350555,32791.735706,0.0148911242395359,0.2573974892988117,-1.6931024606607723,0.3268633596129667,0.0976357632583302,0.17773149965816,0.2176614988958976,0.1652932322060929,1.2500280543437614,1.9895355116156797,-1.882219619036564,2.0762298831088444,0.2913712082681583,1.7758792093488505,0.6144120404226038,-0.2993899742605102,0.3630468596364753,0.363046859636476,0.0215133845598289,0.9801003639072262,0.9801003639072264,0.0,0.5454832627162697,0.5454832627162732
2021,Fuels,34790.176838,0.2285823830512039,70.18572083021056,30260.71927933333,0.3637185533103317,0.4712508383879761,2.529955126164348,0.2640303480603258,0.1662379756773695,0.2284940887649025,0.8050392523999166,0.1525250760488782,2.3480318868205083,2.6436924268258637,2.93833156104864,1.8938522674866471,0.2934581320860743,1.7331835630887176,0.5996403605708708,-0.2892013809132442,0.2786054762771997,0.2786054762772004,0.0243950442483712,0.9565368139672762,0.9565368139672764,0.2194121043111927,-0.1403813899180518,-0.1403813899180485
2022,Fuels,59533.766271,0.2846244909354293,71.12234452908417,38255.473369666666,0.9652953067517984,0.7073728411767078,2.565057755916176,0.4625017885558776,0.2845471818538476,0.2845426110708494,0.8099216162753315,0.1928560148718803,4.241614574876819,3.365967021146693,2.9784006389134965,2.46993078405363,0.3023131332714698,1.6435528979887315,0.5686302786133768,-0.2459702838348434,0.1013382835910474,0.1013382835910481,0.0366221795845476,0.9070700219584024,0.9070700219584026,1.1503969476898692,-1.5802121541518992,-1.5802121541518972
2023,Fuels,51205.16516700001,0.260196780221958,-13.98970974906556,48509.70275866667,0.7628067863849349,0.6044516593195897,-0.6247578897229186,0.7170651753731697,0.2447247386370749,0.2601121044304559,0.366255691881426,0.2445852730193996,3.6042416137320727,3.051140982086779,-0.6627217608404479,3.2088204594840835,0.2922472202481632,1.710958418327806,0.5919509881916274,-0.2951131866964506,0.2346496603249786,0.2346496603249787,0.0227229967113549,0.9442708488310284,0.9442708488310284,0.0921009335772603,-0.4974070477173519,-0.4974070477173535
2024,Fuels,45649.823701,0.2417841979036461,-10.849181811799404,52129.58504633334,0.6277429431852924,0.526873995351387,-0.5070576974902181,0.8069295094026835,0.2181623823281242,0.2416974146598652,0.3826264074303488,0.2628464039360937,3.179101257489767,2.813838337228537,-0.5283689160358491,3.4696585534221507,0.287523897173771,1.741922421611935,0.6026637981267297,-0.3181729733736647,0.2958887678377845,0.2958887678377847,0.0162009523594774,0.9613597537109536,0.9613597537109538,-0.4044932622419769,0.0,0.0
2015,Fuels And Mining Products,36460.26445,0.2110701890099447,,36460.26445,0.4043224392707836,0.3974667769677787,-0.0441786041770094,0.4179353520838021,0.1742233466016612,0.210979890327269,0.4470074575070757,0.1837997687015162,2.475840707694444,2.417994048867841,0.0,2.3405732979215874,0.2757910220232641,1.811936077922884,0.6268868608243495,-0.3754541700692546,0.4343583897031356,0.4343583897031354,0.0,1.0,1.0,-1.6380480304097882,1.124702312099824,1.1247023120998212
2016,Fuels And Mining Products,30982.556039,0.2008854051689093,-15.023775865673962,33721.4102445,0.2711460441842414,0.3545552654399887,-0.6635124504647281,0.3499427242517407,0.148032185633426,0.2007939407645796,0.3608653872600597,0.1699831384263332,2.056641470438411,2.286731844522744,-0.7069594582141329,2.1432195019236047,0.278156545488718,1.806676837496627,0.6250672885108959,-0.3639054223689227,0.4239569184546068,0.4239569184546073,0.0032663547917654,0.9970974470400272,0.9970974470400272,-1.389344902438857,1.0402176532637073,1.0402176532637106
2017,Fuels And Mining Products,36497.967524,0.2246028770707692,17.801667099568384,34646.92933766667,0.4052390925685235,0.4544840007780998,0.5667141306418283,0.3729189290919907,0.1744036203961093,0.2245141273014289,0.5319754682036997,0.1746520817739664,2.478726056580717,2.5924042762524824,0.6973240675011361,2.2099096915431384,0.2791585865318872,1.7927644389669486,0.620253928951984,-0.3590133469522378,0.3964416497891794,0.3964416497891798,0.0046499900043096,0.9894192520423168,0.989419252042317,-1.28399369986957,0.816728299648323,0.8167282996483247
2018,Fuels And Mining Products,43192.239681,0.2450562072769579,18.341492995734733,36890.92108133333,0.5679931069675331,0.5406599401621345,0.5869456372611512,0.4286264929261495,0.2064116694695272,0.2449697985381481,0.5347894333613459,0.1859722915903722,2.9910267435912545,2.8560082221944083,0.7204180014822731,2.3716051508747897,0.2916950862542443,1.7337545577048512,0.599837911150506,-0.2978087660410091,0.2797347618016126,0.2797347618016133,0.0219606007583781,0.9568519435257032,0.9568519435257034,0.0340514348713296,-0.1312089084508666,-0.131208908450863
2019,Fuels And Mining Products,36549.878,0.2285790535574076,-15.378599790281145,38746.69506833333,0.4065011623141535,0.4712368102442618,-0.6768104834608558,0.4746964698475668,0.1746518255817164,0.2284907588900217,0.3590157869203305,0.1953340688624853,2.482698672556605,2.643649516077645,-0.7221389454302872,2.505326778011164,0.2879311313263753,1.7648229616543092,0.61058684123695,-0.3161848111118783,0.3411803478989162,0.341180347898917,0.0167632681619437,0.9739984666994528,0.9739984666994532,-0.3616780422501316,0.3678752359340099,0.3678752359340141
2020,Fuels And Mining Products,21402.749,0.1861788449522685,-41.44235173644082,33714.955560333336,0.0382376687554382,0.2925921704818179,-1.653623514787961,0.3497824853688399,0.1022272158582501,0.1860856972765048,0.2231525569884566,0.1699505766402788,1.3235159547128206,2.0971926709378934,-1.8371550478809584,2.142754396325905,0.2913712082681583,1.7758792093488505,0.6144120404226038,-0.2993899742605102,0.3630468596364753,0.363046859636476,0.0215133845598289,0.9801003639072262,0.9801003639072264,0.0,0.5454832627162697,0.5454832627162732
2021,Fuels And Mining Products,36479.948145,0.2396847109860168,70.44515237271625,31477.525048333337,0.4048009977016812,0.5180282350019818,2.539678059070567,0.2942378054815283,0.1743174623861304,0.2395976874408804,0.8063915982702978,0.1586634661074734,2.477347065702441,2.786780003433433,2.949430129972063,1.9815317200921048,0.2934581320860743,1.7331835630887176,0.5996403605708708,-0.2892013809132442,0.2786054762771997,0.2786054762772004,0.0243950442483712,0.9565368139672762,0.9565368139672764,0.2194121043111927,-0.1403813899180518,-0.1403813899180485
2022,Fuels And Mining Products,61330.408423,0.2932140425451555,68.12087610219379,39737.701856,1.0089760409404602,0.7435631667321926,2.4525692132627697,0.4992984203849689,0.2931376617178091,0.2931331458164443,0.7942757800251155,0.2003333763677519,4.379108388572343,3.4766697612564936,2.8499968068829675,2.5767358187016227,0.3023131332714698,1.6435528979887315,0.5686302786133768,-0.2459702838348434,0.1013382835910474,0.1013382835910481,0.0366221795845476,0.9070700219584024,0.9070700219584026,1.1503969476898692,-1.5802121541518992,-1.5802121541518972
2023,Fuels And Mining Products,52893.603915,0.2687765069819202,-13.75631554548078,50234.65349433333,0.8038568330306313,0.6406005898724424,-0.6160107799449875,0.7598874377496413,0.2527978538370496,0.2686928132017623,0.3674723122057718,0.2532870894613814,3.733454814254719,3.161717098847718,-0.6527370780613431,3.33311534707237,0.2922472202481632,1.710958418327806,0.5919509881916274,-0.2951131866964506,0.2346496603249786,0.2346496603249787,0.0227229967113549,0.9442708488310284,0.9442708488310284,0.0921009335772603,-0.4974070477173519,-0.4974070477173535
2024,Fuels And Mining Products,47532.404003,0.2517552806243511,-10.135818917946017,53918.805447,0.6735130425169442,0.5688851207510384,-0.480322399662774,0.851347279639508,0.2271637675837351,0.2516696386425963,0.3863449736242214,0.2718724399723248,3.323171764252569,2.9423463466330837,-0.4978510107403862,3.598584524450292,0.287523897173771,1.741922421611935,0.6026637981267297,-0.3181729733736647,0.2958887678377845,0.2958887678377847,0.0162009523594774,0.9613597537109536,0.9613597537109538,-0.4044932622419769,0.0,0.0
2015,Integrated Circuits And Electronic Components,295.448317,0.001710364229458,,295.448317,-0.4749320737822953,-0.4846281869259892,-0.0441786041770094,-0.4798637636953816,0.0013045912287162,0.0015961028112898,0.4470074575070757,0.0013600125158038,-0.2917880525393731,-0.2802499719101464,0.0,-0.2653572153142106,0.2757910220232641,1.811936077922884,0.6268868608243495,-0.3754541700692546,0.4343583897031356,0.4343583897031354,0.0,1.0,1.0,-1.6380480304097882,1.124702312099824,1.1247023120998212
2016,Integrated Circuits And Electronic Components,125.664016,0.0008147832198717,-57.46666717346709,210.5561665,-0.4790599424917837,-0.4884015350320227,-2.254180187108873,-0.4819712290665645,0.0004927831469934,0.0007004192960252,0.1396221712934546,0.0009317591774668,-0.3047813417283928,-0.2917922824120406,-2.52268066905561,-0.2714742945358658,0.278156545488718,1.806676837496627,0.6250672885108959,-0.3639054223689227,0.4239569184546068,0.4239569184546073,0.0032663547917654,0.9970974470400272,0.9970974470400272,-1.389344902438857,1.0402176532637073,1.0402176532637106
2017,Integrated Circuits And Electronic Components,143.516611,0.0008831791446153,14.206608676265777,188.209648,-0.4786259025490468,-0.4881133627390317,0.4319791192160581,-0.4825259860567911,0.000578143694555,0.0007688230491736,0.5132354092055686,0.0008190282466155,-0.3034151145316307,-0.290910790964584,0.5435262551403581,-0.2730845190759154,0.2791585865318872,1.7927644389669486,0.620253928951984,-0.3590133469522378,0.3964416497891794,0.3964416497891798,0.0046499900043096,0.9894192520423168,0.989419252042317,-1.28399369986957,0.816728299648323,0.8167282996483247
2018,Integrated Circuits And Electronic Components,22.601674,0.0001282332323921,-84.25152751133456,97.260767,-0.4815656383315209,-0.4912941735172338,-3.2580188007648223,-0.4847838110279623,0.0,1.3790727969012043e-05,0.0,0.0003602206692734,-0.312668518612336,-0.3006405865249446,-3.66854603181337,-0.2796380285219729,0.2916950862542443,1.7337545577048512,0.599837911150506,-0.2978087660410091,0.2797347618016126,0.2797347618016133,0.0219606007583781,0.9568519435257032,0.9568519435257034,0.0340514348713296,-0.1312089084508666,-0.131208908450863
2019,Integrated Circuits And Electronic Components,30.071,0.0001880608389315,33.047667177218834,65.39642833333333,-0.4813840408758388,-0.4910421020871705,1.1381012272588726,-0.4855748498922169,3.571389802300751e-05,7.362518220764065e-05,0.6114487082180328,0.00019947542572,-0.3120969044395683,-0.2998695241599867,1.3495530949896055,-0.2819340792501218,0.2879311313263753,1.7648229616543092,0.61058684123695,-0.3161848111118783,0.3411803478989162,0.341180347898917,0.0167632681619437,0.9739984666994528,0.9739984666994532,-0.3616780422501316,0.3678752359340099,0.3678752359340141
2020,Integrated Circuits And Electronic Components,25.24,0.0002195584336664,-16.065312094709196,25.97089133333333,-0.4815014942188044,-0.4909093933895034,-0.7025469748579367,-0.4865535970847242,1.2614914078653044e-05,0.0001051263820684,0.3554361429801072,5.863913801686278e-07,-0.3124666122376536,-0.299463580962664,-0.7515167295179349,-0.2847749677393974,0.2913712082681583,1.7758792093488505,0.6144120404226038,-0.2993899742605102,0.3630468596364753,0.363046859636476,0.0215133845598289,0.9801003639072262,0.9801003639072264,0.0,0.5454832627162697,0.5454832627162732
2021,Integrated Circuits And Electronic Components,28.386144,0.0001865058769712,12.46491283676705,27.899048,-0.4814250038171793,-0.4910486536025611,0.3667041274901936,-0.4865057301926585,2.7657913404388336e-05,7.207004227077714e-05,0.5041564238468215,1.0313315771567227e-05,-0.312225843458788,-0.2998895646181612,0.4690159194594447,-0.2846360304287946,0.2934581320860743,1.7331835630887176,0.5996403605708708,-0.2892013809132442,0.2786054762771997,0.2786054762772004,0.0243950442483712,0.9565368139672762,0.9565368139672764,0.2194121043111927,-0.1403813899180518,-0.1403813899180485
2022,Integrated Circuits And Electronic Components,23.937811,0.0001144440826903,-15.67078994596801,25.854651666666665,-0.4815331535959982,-0.4913522712899134,-0.687761138312468,-0.4865564827587331,6.388616665381486e-06,0.0,0.3574926793344419,0.0,-0.3125662664351035,-0.3008183020478416,-0.7346389388787143,-0.2847833436286347,0.3023131332714698,1.6435528979887315,0.5686302786133768,-0.2459702838348434,0.1013382835910474,0.1013382835910481,0.0366221795845476,0.9070700219584024,0.9070700219584026,1.1503969476898692,-1.5802121541518992,-1.5802121541518972
2023,Integrated Circuits And Electronic Components,41.804787000000005,0.0002124291746699,74.63913889202318,31.37624733333334,-0.4810987640162244,-0.4909394310696729,2.696859599691884,-0.4864194079927785,9.181792566106896e-05,9.799630707707048e-05,0.8282537060735351,2.785465750684545e-05,-0.311198938686107,-0.2995554633497459,3.128850288364773,-0.2843854736497967,0.2922472202481632,1.710958418327806,0.5919509881916274,-0.2951131866964506,0.2346496603249786,0.2346496603249787,0.0227229967113549,0.9442708488310284,0.9442708488310284,0.0921009335772603,-0.4974070477173519,-0.4974070477173535
2024,Integrated Circuits And Electronic Components,77.137847,0.0004085604489311,84.51917240960942,47.626815,-0.4802397315148362,-0.4901130719080274,3.0671418794596983,-0.4860159842555089,0.0002607597152791,0.0002941500299711,0.879755625993097,0.0001098334955046,-0.3084949627365698,-0.2970277098105092,3.5515214558780976,-0.2832145054362647,0.287523897173771,1.741922421611935,0.6026637981267297,-0.3181729733736647,0.2958887678377845,0.2958887678377847,0.0162009523594774,0.9613597537109536,0.9613597537109538,-0.4044932622419769,0.0,0.0
2015,Iron And Steel,4326.313515000001,0.02504523280624,,4326.313515000001,-0.3769319511267265,-0.3863114727412875,-0.0441786041770094,-0.3797966930574287,0.0205778039156255,0.0249336422313629,0.4470074575070757,0.0216944187861445,0.0166868588104653,0.0204914414864253,0.0,0.0250951009806739,0.2757910220232641,1.811936077922884,0.6268868608243495,-0.3754541700692546,0.4343583897031356,0.4343583897031354,0.0,1.0,1.0,-1.6380480304097882,1.124702312099824,1.1247023120998212
2016,Iron And Steel,3852.047614,0.0249759943851713,-10.96235627297114,4089.1805645,-0.3884625070213803,-0.3866031947208826,-0.5112992314303179,-0.385683568093598,0.0183101449562892,0.0248643958854597,0.382036459832921,0.0204981600380365,-0.0196078631861462,0.0195990918875822,-0.5332105576710725,0.0080079965107105,0.278156545488718,1.806676837496627,0.6250672885108959,-0.3639054223689227,0.4239569184546068,0.4239569184546073,0.0032663547917654,0.9970974470400272,0.9970974470400272,-1.389344902438857,1.0402176532637073,1.0402176532637106
2017,Iron And Steel,3727.789742,0.0229402445661538,-3.225761580630349,3968.716957000001,-0.3914835176726325,-0.3951804117919505,-0.2213484012817786,-0.3886741023161233,0.0177160173242694,0.0228284130602554,0.4223652177855951,0.0198904602477009,-0.0291170961093255,-0.0066377937361193,-0.2022364263213677,-0.0006722575064599,0.2791585865318872,1.7927644389669486,0.620253928951984,-0.3590133469522378,0.3964416497891794,0.3964416497891798,0.0046499900043096,0.9894192520423168,0.989419252042317,-1.28399369986957,0.816728299648323,0.8167282996483247
2018,Iron And Steel,2337.68414,0.0132631235006758,-37.29034356036919,3305.8404986666665,-0.425280360982547,-0.4359529896530495,-1.498015231646629,-0.4051301488773404,0.0110693547323515,0.0131501843787739,0.2447958431381223,0.0165464637237083,-0.1354993940230907,-0.1313572048296674,-1.6595307371758048,-0.0484371896693604,0.2916950862542443,1.7337545577048512,0.599837911150506,-0.2978087660410091,0.2797347618016126,0.2797347618016133,0.0219606007583781,0.9568519435257032,0.9568519435257034,0.0340514348713296,-0.1312089084508666,-0.131208908450863
2019,Iron And Steel,2890.576,0.018077355177923,23.65126453738957,2985.3499606666664,-0.4118382170671043,-0.4156692053980227,0.7859443864041148,-0.4130863934376284,0.0137129565119219,0.0179649670794106,0.5624678241525023,0.0149296930093898,-0.0931875678711839,-0.0693110512689631,0.9475718196090532,-0.0715307972548686,0.2879311313263753,1.7648229616543092,0.61058684123695,-0.3161848111118783,0.3411803478989162,0.341180347898917,0.0167632681619437,0.9739984666994528,0.9739984666994532,-0.3616780422501316,0.3678752359340099,0.3678752359340141
2020,Iron And Steel,1825.687,0.0158813382759556,-36.8400277314971,2351.3157133333334,-0.4377282549344946,-0.4249216751681044,-1.4811383686852344,-0.4288264260852758,0.0086212873101997,0.0157686988275378,0.2471432167290924,0.011731196076031,-0.1746816203231007,-0.0976134702334119,-1.6402660740751889,-0.1172174443398725,0.2913712082681583,1.7758792093488505,0.6144120404226038,-0.2993899742605102,0.3630468596364753,0.363046859636476,0.0215133845598289,0.9801003639072262,0.9801003639072264,0.0,0.5454832627162697,0.5454832627162732
2021,Iron And Steel,2340.248613,0.0153761680310725,28.184547132120684,2352.170537666667,-0.425218012415626,-0.4270501070646613,0.9558420098302834,-0.4288052048926174,0.0110816165250762,0.0152634707622922,0.5860985898529434,0.0117355083872669,-0.1353031394865394,-0.1041241395758225,1.1415071785906032,-0.11715584820717,0.2934581320860743,1.7331835630887176,0.5996403605708708,-0.2892013809132442,0.2786054762771997,0.2786054762772004,0.0243950442483712,0.9565368139672762,0.9565368139672764,0.2194121043111927,-0.1403813899180518,-0.1403813899180485
2022,Iron And Steel,2913.196145,0.0139276753631087,24.48233614229258,2359.710586,-0.4112882664050016,-0.4331530357855255,0.8170911520467646,-0.428618021617533,0.0138211126630653,0.01381481230394,0.5667999737516864,0.0117735454831698,-0.0914564885914656,-0.122792414086331,0.9831253432794208,-0.1166125344529718,0.3023131332714698,1.6435528979887315,0.5686302786133768,-0.2459702838348434,0.1013382835910474,0.1013382835910481,0.0366221795845476,0.9070700219584024,0.9070700219584026,1.1503969476898692,-1.5802121541518992,-1.5802121541518972
2023,Iron And Steel,2737.692172,0.013911461589276,-6.024447523082932,2663.71231,-0.4155551942320779,-0.4332213492179547,-0.326237095159272,-0.4210711153095123,0.0129819564936392,0.0137985966743245,0.4077764313172461,0.0133071354840875,-0.1048874940588728,-0.1230013783341001,-0.3219651552466274,-0.0947070624125649,0.2922472202481632,1.710958418327806,0.5919509881916274,-0.2951131866964506,0.2346496603249786,0.2346496603249787,0.0227229967113549,0.9442708488310284,0.9442708488310284,0.0921009335772603,-0.4974070477173519,-0.4974070477173535
2024,Iron And Steel,2478.648211,0.0131281551820936,-9.462128856172946,2709.8455093333337,-0.4218531820595499,-0.4365216511631143,-0.4550739537454371,-0.4199258489982663,0.0117433615244774,0.0130152006120983,0.3898567361653385,0.0135398624972013,-0.1247116655406763,-0.1330966859311191,-0.4690303225873653,-0.0913828394613462,0.287523897173771,1.741922421611935,0.6026637981267297,-0.3181729733736647,0.2958887678377845,0.2958887678377847,0.0162009523594774,0.9613597537109536,0.9613597537109538,-0.4044932622419769,0.0,0.0
2015,Machinery And Transport Equipment,19525.69494,0.1130351681126197,,19525.69494,-0.0073980742117055,-0.015583808594283,-0.0441786041770094,-0.0024688738430036,0.0932522538225173,0.1129336486177503,0.4470074575070757,0.0983703634709659,1.1798683613761225,1.15451186339886,0.0,1.1203179189829076,0.2757910220232641,1.811936077922884,0.6268868608243495,-0.3754541700692546,0.4343583897031356,0.4343583897031354,0.0,1.0,1.0,-1.6380480304097882,1.124702312099824,1.1247023120998212
2016,Machinery And Transport Equipment,17238.621193,0.1117721662005561,-11.713149027616632,18382.1580665,-0.0630023915775008,-0.0209052098095716,-0.5394373194568864,-0.0308574156266399,0.0823168202142566,0.1116705021460475,0.3781227819838416,0.0926015912028182,1.0048426940066406,1.138234206684971,-0.5653297250404645,1.037918007955993,0.278156545488718,1.806676837496627,0.6250672885108959,-0.3639054223689227,0.4239569184546068,0.4239569184546073,0.0032663547917654,0.9970974470400272,0.9970974470400272,-1.389344902438857,1.0402176532637073,1.0402176532637106
2017,Machinery And Transport Equipment,16527.61723,0.1017084137230769,-4.124482782235006,17763.977787666667,-0.0802886247209877,-0.0633067803475941,-0.2550305274419278,-0.0462038701941847,0.0789172198984401,0.101605597799823,0.4176804292904278,0.0894830723934205,0.9504308311230512,1.0085318629931033,-0.240684022564343,0.9933737513125191,0.2791585865318872,1.7927644389669486,0.620253928951984,-0.3590133469522378,0.3964416497891794,0.3964416497891798,0.0046499900043096,0.9894192520423168,0.989419252042317,-1.28399369986957,0.816728299648323,0.8167282996483247
2018,Machinery And Transport Equipment,15187.010014,0.0861652718496364,-8.111315728964275,16317.749479,-0.1128820420513731,-0.1287946416601628,-0.4044484003611491,-0.0821067900918186,0.0725072293047598,0.0860606769021699,0.396898156559304,0.0821873201061232,0.8478365562473391,0.8082107666791951,-0.4112420812263075,0.8891627838130632,0.2916950862542443,1.7337545577048512,0.599837911150506,-0.2978087660410091,0.2797347618016126,0.2797347618016133,0.0219606007583781,0.9568519435257032,0.9568519435257034,0.0340514348713296,-0.1312089084508666,-0.131208908450863
2019,Machinery And Transport Equipment,13618.94,0.0851714037364261,-10.325073945131324,15111.189081333332,-0.1510056324360792,-0.1329821024509646,-0.4874152686089126,-0.1120599040292862,0.0650096461797319,0.0850666950336164,0.3853584387873585,0.0761006146196606,0.7278349598657503,0.7954017251320722,-0.5059474046600824,0.8022215825975418,0.2879311313263753,1.7648229616543092,0.61058684123695,-0.3161848111118783,0.3411803478989162,0.341180347898917,0.0167632681619437,0.9739984666994528,0.9739984666994532,-0.3616780422501316,0.3678752359340099,0.3678752359340141
2020,Machinery And Transport Equipment,9114.599,0.0792863343873771,-33.07409387221032,12640.183004666667,-0.2605171017607122,-0.1577776430490934,-1.3399993156254033,-0.1734031461062726,0.0434725523194757,0.079180952096116,0.2667740027682412,0.0636351911953418,0.3831257913840404,0.7195545409859032,-1.4791581529077733,0.6241681366766327,0.2913712082681583,1.7758792093488505,0.6144120404226038,-0.2993899742605102,0.3630468596364753,0.363046859636476,0.0215133845598289,0.9801003639072262,0.9801003639072264,0.0,0.5454832627162697,0.5454832627162732
2021,Machinery And Transport Equipment,9426.901339,0.0619377010611677,3.426396915541763,10720.146779666667,-0.252924273416364,-0.2308725747225136,0.0279601065238928,-0.2210684465112163,0.0449657973441798,0.0618303330942308,0.4570411056307396,0.0539492317957833,0.4070257313733936,0.4959641449288024,0.0823451586556497,0.4858159612682265,0.2934581320860743,1.7331835630887176,0.5996403605708708,-0.2892013809132442,0.2786054762771997,0.2786054762772004,0.0243950442483712,0.9565368139672762,0.9565368139672764,0.2194121043111927,-0.1403813899180518,-0.1403813899180485
2022,Machinery And Transport Equipment,8514.834709,0.0407085028589732,-9.67514772035103,9018.778349333334,-0.2750988283120227,-0.3203174758218183,-0.4630574398865531,-0.2633052732311529,0.0406048343049433,0.0405987050578416,0.3887463269278873,0.0453663804280185,0.3372269018382374,0.2223607581517944,-0.47814334147179,0.3632203453923843,0.3023131332714698,1.6435528979887315,0.5686302786133768,-0.2459702838348434,0.1013382835910474,0.1013382835910481,0.0366221795845476,0.9070700219584024,0.9070700219584026,1.1503969476898692,-1.5802121541518992,-1.5802121541518972
2023,Machinery And Transport Equipment,12687.755158,0.0644722662174659,49.007650666304905,10209.830402,-0.1736449974975269,-0.220193700863236,1.7362468773597892,-0.2337371571981954,0.0605572711611883,0.0643651883497135,0.6946437490151467,0.051374851348868,0.6565730477261957,0.5286297974025967,2.0323265737250757,0.4490440607814421,0.2922472202481632,1.710958418327806,0.5919509881916274,-0.2951131866964506,0.2346496603249786,0.2346496603249787,0.0227229967113549,0.9442708488310284,0.9442708488310284,0.0921009335772603,-0.4974070477173519,-0.4974070477173535
2024,Machinery And Transport Equipment,14292.938283,0.0757025183947373,12.651435222470251,11831.842716666666,-0.1346190972484437,-0.172877321518657,0.3736945829459344,-0.1934703626281582,0.0682323072266248,0.0755967259099981,0.505128714168974,0.0595573768767107,0.7794148441797996,0.673366070567341,0.4769954100545133,0.5659215078584406,0.287523897173771,1.741922421611935,0.6026637981267297,-0.3181729733736647,0.2958887678377845,0.2958887678377847,0.0162009523594774,0.9613597537109536,0.9613597537109538,-0.4044932622419769,0.0,0.0
2015,Manufactures,38897.867271,0.2251815866073268,,38897.867271,0.4635864840128624,0.4569222754962315,-0.0441786041770094,0.4784493513605102,0.1858785211876666,0.225092903075449,0.4470074575070757,0.1960966835456386,2.6623860961354127,2.5998627251140105,0.0,2.516219803271776,0.2757910220232641,1.811936077922884,0.6268868608243495,-0.3754541700692546,0.4343583897031356,0.4343583897031354,0.0,1.0,1.0,-1.6380480304097882,1.124702312099824,1.1247023120998212
2016,Manufactures,36125.707801,0.234232690146108,-7.1267646904300985,37511.787536,0.3961885546016797,0.4950572560619208,-0.3675495576145843,0.4440396323699324,0.172623694632353,0.234145042578032,0.4020303525840495,0.18910436128476,2.450237685124257,2.7165139786702523,-0.369122655599565,2.4163429654653656,0.278156545488718,1.806676837496627,0.6250672885108959,-0.3639054223689227,0.4239569184546068,0.4239569184546073,0.0032663547917654,0.9970974470400272,0.9970974470400272,-1.389344902438857,1.0402176532637073,1.0402176532637106
2017,Manufactures,34542.812626000006,0.2125711546215385,-4.381630897640654,36522.129232666666,0.3577045285474531,0.4037907897450765,-0.2646678824408674,0.4194711582378204,0.165055226358099,0.2124810277351564,0.4163399863027077,0.1841118564451585,2.3291015456605804,2.437338598334878,-0.2516849057059733,2.3450310925984046,0.2791585865318872,1.7927644389669486,0.620253928951984,-0.3590133469522378,0.3964416497891794,0.3964416497891798,0.0046499900043096,0.9894192520423168,0.989419252042317,-1.28399369986957,0.816728299648323,0.8167282996483247
2018,Manufactures,32534.7809,0.184589872412845,-5.813167988783241,34401.100442333336,0.3088844004166702,0.2858973584458384,-0.3183187953387786,0.3668161754086435,0.1554540066109186,0.1844965428677627,0.4088777739024486,0.1734119548073844,2.1754304655726484,2.076713882048119,-0.3129265454812692,2.1921959828095376,0.2916950862542443,1.7337545577048512,0.599837911150506,-0.2978087660410091,0.2797347618016126,0.2797347618016133,0.0219606007583781,0.9568519435257032,0.9568519435257034,0.0340514348713296,-0.1312089084508666,-0.131208908450863
2019,Manufactures,31736.505,0.1984767302402468,-2.453607732763308,32938.03284200001,0.289476374528878,0.3444068044042667,-0.1924097456981942,0.3304952165774484,0.1516371235230972,0.1983849901457733,0.4263902451873387,0.1660312537606434,2.1143398372858497,2.2556886740812523,-0.1692034241764922,2.0867716253729105,0.2879311313263753,1.7648229616543092,0.61058684123695,-0.3161848111118783,0.3411803478989162,0.341180347898917,0.0167632681619437,0.9739984666994528,0.9739984666994532,-0.3616780422501316,0.3678752359340099,0.3678752359340141
2020,Manufactures,24265.78,0.2110838608753417,-23.53984788180047,29512.3553,0.107844905759025,0.3975243805869372,-0.9826764042291882,0.2454520559308831,0.1159165363097486,0.2109935637575092,0.3164734266231771,0.1487498227356681,1.542618601547809,2.41817025282244,-1.0712798924795346,1.839927355451168,0.2913712082681583,1.7758792093488505,0.6144120404226038,-0.2993899742605102,0.3630468596364753,0.363046859636476,0.0215133845598289,0.9801003639072262,0.9801003639072264,0.0,0.5454832627162697,0.5454832627162732
2021,Manufactures,27062.634154,0.1778100018108399,11.525919026711694,27688.306384666663,0.1758432229137971,0.2573317550873591,0.3315126710992535,0.2001696605413506,0.1292894382343909,0.1777158962608766,0.4992617052282707,0.1395480881503077,1.7566568526016155,1.989334436957879,0.4288454474385315,1.7084917438716467,0.2934581320860743,1.7331835630887176,0.5996403605708708,-0.2892013809132442,0.2786054762771997,0.2786054762772004,0.0243950442483712,0.9565368139672762,0.9565368139672764,0.2194121043111927,-0.1403813899180518,-0.1403813899180485
2022,Manufactures,30196.610725,0.1443667265473356,11.580456481679136,27175.008293000003,0.2520378047891889,0.1164253289524452,0.3335566169140256,0.1874269281814048,0.1442742601129899,0.144268793174341,0.4995459941057679,0.1369586659243004,1.9964944798661968,1.5583151733069025,0.4311785781635703,1.671504989824823,0.3023131332714698,1.6435528979887315,0.5686302786133768,-0.2459702838348434,0.1013382835910474,0.1013382835910481,0.0366221795845476,0.9070700219584024,0.9070700219584026,1.1503969476898692,-1.5802121541518992,-1.5802121541518972
2023,Manufactures,33646.355778,0.1709724675447422,11.424278984210387,30301.866885666663,0.3359094853634202,0.2285231976294051,0.3277034222150172,0.2650518459837947,0.160768900061523,0.1708775793898775,0.4987318834093258,0.1527326523639208,2.2604973048507,1.901211818543832,0.4244972521258676,1.8968172432381152,0.2922472202481632,1.710958418327806,0.5919509881916274,-0.2951131866964506,0.2346496603249786,0.2346496603249787,0.0227229967113549,0.9442708488310284,0.9442708488310284,0.0921009335772603,-0.4974070477173519,-0.4974070477173535
2024,Manufactures,35164.376785,0.1862480497500053,4.511695165491214,33002.44776266667,0.3728162628348038,0.2928837507963551,0.0686347367773215,0.332094330440072,0.1680271784444428,0.1861549099952277,0.4626984693895007,0.1663562061225724,2.3766687401529425,2.0980845871968907,0.1287745839799448,2.091413175509805,0.287523897173771,1.741922421611935,0.6026637981267297,-0.3181729733736647,0.2958887678377845,0.2958887678377847,0.0162009523594774,0.9613597537109536,0.9613597537109538,-0.4044932622419769,0.0,0.0
2015,Office And Telecom Equipment,2725.227882,0.0157764726292025,,2725.227882,-0.4158582313937822,-0.4253635052039451,-0.0441786041770094,-0.4195439783832484,0.0129223596328262,0.0156638211781583,0.4470074575070757,0.0136174615732907,-0.1058413639016788,-0.098964986001221,0.0,-0.0902744308315163,0.2757910220232641,1.811936077922884,0.6268868608243495,-0.3754541700692546,0.4343583897031356,0.4343583897031354,0.0,1.0,1.0,-1.6380480304097882,1.124702312099824,1.1247023120998212
2016,Office And Telecom Equipment,2421.449641,0.015700250541501,-11.14689318300467,2573.3387615,-0.4232438182134219,-0.4256846514399504,-0.5182152755537407,-0.4233146575311771,0.0114698718018381,0.0155875903662915,0.3810745192538903,0.0128512302724215,-0.1290889699017455,-0.0999473415826102,-0.5411051089470715,-0.1012191150871712,0.278156545488718,1.806676837496627,0.6250672885108959,-0.3639054223689227,0.4239569184546068,0.4239569184546073,0.0032663547917654,0.9970974470400272,0.9970974470400272,-1.389344902438857,1.0402176532637073,1.0402176532637106
2017,Office And Telecom Equipment,2400.968295,0.0147751895076923,-0.8458299381167933,2515.8819393333333,-0.4237417694773706,-0.4295822076213838,-0.1321537125478913,-0.4247410351449055,0.0113719421221833,0.014662423452604,0.434771152304804,0.012561379258421,-0.1306563707155485,-0.1118695926923736,-0.1004221476397642,-0.1053592850669393,0.2791585865318872,1.7927644389669486,0.620253928951984,-0.3590133469522378,0.3964416497891794,0.3964416497891798,0.0046499900043096,0.9894192520423168,0.989419252042317,-1.28399369986957,0.816728299648323,0.8167282996483247
2018,Office And Telecom Equipment,1641.163095,0.0093113301499048,-31.645782311340355,2154.527010333333,-0.4422144792150429,-0.452603065744386,-1.2864692886233426,-0.4337117467488453,0.0077390031622087,0.0091979387168735,0.2742194013589619,0.0107384609584684,-0.1888029050698701,-0.1822881930994947,-1.4180545024058693,-0.1313974607381823,0.2916950862542443,1.7337545577048512,0.599837911150506,-0.2978087660410091,0.2797347618016126,0.2797347618016133,0.0219606007583781,0.9568519435257032,0.9568519435257034,0.0340514348713296,-0.1312089084508666,-0.131208908450863
2019,Office And Telecom Equipment,1781.071,0.0111386287937416,8.524923904653114,1941.0674633333333,-0.4388129782525977,-0.4449041152272638,0.219041866886899,-0.4390109245974601,0.0084079599933582,0.0110254465081631,0.4836183361870474,0.0096616268452526,-0.1780960030843037,-0.1587378407571674,0.3004618635484052,-0.1467787292291676,0.2879311313263753,1.7648229616543092,0.61058684123695,-0.3161848111118783,0.3411803478989162,0.341180347898917,0.0167632681619437,0.9739984666994528,0.9739984666994532,-0.3616780422501316,0.3678752359340099,0.3678752359340141
2020,Office And Telecom Equipment,1225.862,0.0106635634156564,-31.17276065917641,1549.365365,-0.452311457469038,-0.4469057064015429,-1.2687414605313592,-0.4487350110199989,0.0057532790211452,0.0105503267554337,0.2766851342136737,0.0076856169284717,-0.2205851558202004,-0.1648605164770245,-1.3978184765236352,-0.1750036328590218,0.2913712082681583,1.7758792093488505,0.6144120404226038,-0.2993899742605102,0.3630468596364753,0.363046859636476,0.0215133845598289,0.9801003639072262,0.9801003639072264,0.0,0.5454832627162697,0.5454832627162732
2021,Office And Telecom Equipment,1517.641743,0.0099713826649484,23.802005690689462,1508.191581,-0.4452175832763218,-0.4498220689603285,0.7915938386857656,-0.4497571588095118,0.0071483971330982,0.0098580667796678,0.5632535966695706,0.0074779085555997,-0.1982557734334457,-0.1737813902590585,0.9540205770089306,-0.1779704948963231,0.2934581320860743,1.7331835630887176,0.5996403605708708,-0.2892013809132442,0.2786054762771997,0.2786054762772004,0.0243950442483712,0.9565368139672762,0.9565368139672764,0.2194121043111927,-0.1403813899180518,-0.1403813899180485
2022,Office And Telecom Equipment,996.763311,0.0047654174722469,-34.32156728704319,1246.7556846666666,-0.4578814030066289,-0.4717563425656065,-1.3867519201759702,-0.4562473595531795,0.004657864626841,0.0046515057268626,0.2602712641086865,0.0061590493359139,-0.2381176691413365,-0.2408762326831643,-1.532525486505449,-0.1968087983182094,0.3023131332714698,1.6435528979887315,0.5686302786133768,-0.2459702838348434,0.1013382835910474,0.1013382835910481,0.0366221795845476,0.9070700219584024,0.9070700219584026,1.1503969476898692,-1.5802121541518992,-1.5802121541518972
2023,Office And Telecom Equipment,1185.4932,0.006024031220464,18.934273253964108,1233.2994179999998,-0.4532929210400404,-0.4664534299845809,0.6091617587983736,-0.4565814141843601,0.0055602593020285,0.0059102635324621,0.5378794351649718,0.0060911668392683,-0.2236745079541983,-0.2246551309309226,0.7457773409398453,-0.1977784174024582,0.2922472202481632,1.710958418327806,0.5919509881916274,-0.2951131866964506,0.2346496603249786,0.2346496603249787,0.0227229967113549,0.9442708488310284,0.9442708488310284,0.0921009335772603,-0.4974070477173519,-0.4974070477173535
2024,Office And Telecom Equipment,1456.45704,0.007714121734709,22.856633846571217,1212.904517,-0.4467051320044756,-0.4593325779648427,0.7561633473776828,-0.4570877218624322,0.006855848080679,0.0076005474897041,0.5583256310990772,0.0059882811850958,-0.2029381294306782,-0.2028731265305244,0.9135772505387888,-0.1992480141131083,0.287523897173771,1.741922421611935,0.6026637981267297,-0.3181729733736647,0.2958887678377845,0.2958887678377847,0.0162009523594774,0.9613597537109536,0.9613597537109538,-0.4044932622419769,0.0,0.0
2015,Pharmaceuticals,2078.566461,0.0120329191905518,,2078.566461,-0.4315801410736367,-0.4411362048551953,-0.0441786041770094,-0.4355974832551436,0.0098304072873258,0.0119198392629317,0.4470074575070757,0.0103552646482994,-0.1553292070117166,-0.1472121637627281,0.0,-0.1368709549924296,0.2757910220232641,1.811936077922884,0.6268868608243495,-0.3754541700692546,0.4343583897031356,0.4343583897031354,0.0,1.0,1.0,-1.6380480304097882,1.124702312099824,1.1247023120998212
2016,Pharmaceuticals,2125.323139,0.0137802187577888,2.2494675478168524,2101.9448,-0.4304433726743261,-0.4337743141472261,-0.0161486597703878,-0.4350171111054444,0.0100539700599222,0.0136673388211527,0.4509060938476665,0.0104732007785842,-0.1517510019880856,-0.124692845098087,0.0319957231955827,-0.1351863804953597,0.278156545488718,1.806676837496627,0.6250672885108959,-0.3639054223689227,0.4239569184546068,0.4239569184546073,0.0032663547917654,0.9970974470400272,0.9970974470400272,-1.389344902438857,1.0402176532637073,1.0402176532637106
2017,Pharmaceuticals,2027.442396,0.0124765685907692,-4.605452281767109,2077.110665333333,-0.432823091257914,-0.4392669785025434,-0.2730562236572825,-0.4356336236867023,0.0095859622538741,0.0123635394420091,0.4151732664751841,0.0103479206317971,-0.1592416403589155,-0.1414943793563193,-0.2612600600386773,-0.136975855355668,0.2791585865318872,1.7927644389669486,0.620253928951984,-0.3590133469522378,0.3964416497891794,0.3964416497891798,0.0046499900043096,0.9894192520423168,0.989419252042317,-1.28399369986957,0.816728299648323,0.8167282996483247
2018,Pharmaceuticals,1764.796288,0.0100127774838213,-12.954553407691494,1972.520607666667,-0.4392086560274276,-0.4496476603253511,-0.5859624697157056,-0.4382300937184342,0.0083301439488153,0.009899466336475,0.3716516795471336,0.009820297746892,-0.1793414777143993,-0.1732478909468953,-0.6184374232834342,-0.1445123079578963,0.2916950862542443,1.7337545577048512,0.599837911150506,-0.2978087660410091,0.2797347618016126,0.2797347618016133,0.0219606007583781,0.9568519435257032,0.9568519435257034,0.0340514348713296,-0.1312089084508666,-0.131208908450863
2019,Pharmaceuticals,1895.963,0.0118571511543722,7.432399585826865,1896.067228,-0.4360196746963959,-0.4418767676622672,0.1780964192063131,-0.440128064840716,0.0089573055663938,0.0117440511088381,0.4779233049021626,0.0094346152676928,-0.1693035236105693,-0.1494774744696068,0.2537233045594064,-0.1500213141195943,0.2879311313263753,1.7648229616543092,0.61058684123695,-0.3161848111118783,0.3411803478989162,0.341180347898917,0.0167632681619437,0.9739984666994528,0.9739984666994532,-0.3616780422501316,0.3678752359340099,0.3678752359340141
2020,Pharmaceuticals,1786.292,0.015538647923567,-5.78444832520465,1815.6837626666663,-0.4386860430624458,-0.4263655311434994,-0.3172424444858067,-0.4421236011607162,0.0084329237265757,0.0154259692517773,0.4090274816753128,0.0090291067822399,-0.1776964492830611,-0.1020300873913616,-0.3116979085830496,-0.1558135107203291,0.2913712082681583,1.7758792093488505,0.6144120404226038,-0.2993899742605102,0.3630468596364753,0.363046859636476,0.0215133845598289,0.9801003639072262,0.9801003639072264,0.0,0.5454832627162697,0.5454832627162732
2021,Pharmaceuticals,1907.232713,0.01253111763705,6.770489539224256,1863.162571,-0.43574568060281,-0.439037147210604,0.1532894627702875,-0.4409449298249308,0.0090111906667135,0.01241809473182,0.474472948367096,0.0092686219558956,-0.1684410726111317,-0.1407913474440571,0.2254065694300832,-0.1523923271336937,0.2934581320860743,1.7331835630887176,0.5996403605708708,-0.2892013809132442,0.2786054762771997,0.2786054762772004,0.0243950442483712,0.9565368139672762,0.9565368139672764,0.2194121043111927,-0.1403813899180518,-0.1403813899180485
2022,Pharmaceuticals,1585.533816,0.0075802655116032,-16.86731224811997,1759.6861763333334,-0.4435669620933951,-0.4598965538872112,-0.7326042053977405,-0.4435137529400297,0.0074730168607272,0.0074666759457922,0.3512555349282299,0.0087466171392656,-0.1930601143946808,-0.2045982748679279,-0.7858265666844401,-0.159848532448545,0.3023131332714698,1.6435528979887315,0.5686302786133768,-0.2459702838348434,0.1013382835910474,0.1013382835910481,0.0366221795845476,0.9070700219584024,0.9070700219584026,1.1503969476898692,-1.5802121541518992,-1.5802121541518972
2023,Pharmaceuticals,1851.94883,0.0094105960039432,16.802859157688243,1781.5717863333332,-0.4370897660655449,-0.4521848292941707,0.5292809700041372,-0.442970438099605,0.0087468558445651,0.0092972159326018,0.5267689548304231,0.0088570229363721,-0.1726718493972076,-0.1810088478506755,0.6545947267388187,-0.158271519622321,0.2922472202481632,1.710958418327806,0.5919509881916274,-0.2951131866964506,0.2346496603249786,0.2346496603249787,0.0227229967113549,0.9442708488310284,0.9442708488310284,0.0921009335772603,-0.4974070477173519,-0.4974070477173535
2024,Pharmaceuticals,1917.25809,0.0101547535539501,3.5265153627381807,1784.9135786666668,-0.4355019393394813,-0.4490494730819994,0.0317123293082301,-0.4428874774067883,0.0090591260884396,0.0100414586567846,0.4575629957883795,0.0088738811937534,-0.1676738484224244,-0.171418093454849,0.0866282596077676,-0.1580307198743475,0.287523897173771,1.741922421611935,0.6026637981267297,-0.3181729733736647,0.2958887678377845,0.2958887678377847,0.0162009523594774,0.9613597537109536,0.9613597537109538,-0.4044932622419769,0.0,0.0
2015,Telecommunications Equipment,1798.268334,0.0104102601249228,,1798.268334,-0.4383948692961918,-0.4479729482055906,-0.0441786041770094,-0.4425559428156647,0.0084901874704751,0.0102969944723193,0.4470074575070757,0.0089412515986788,-0.1767799218410669,-0.1681251069512568,0.0,-0.157068415398861,0.2757910220232641,1.811936077922884,0.6268868608243495,-0.3754541700692546,0.4343583897031356,0.4343583897031354,0.0,1.0,1.0,-1.6380480304097882,1.124702312099824,1.1247023120998212
2016,Telecommunications Equipment,1836.470824,0.0119073515140498,2.124404310396999,1817.369579,-0.4374660739825689,-0.4416652586752698,-0.0208357593216736,-0.4420817504180533,0.008672849176777,0.0117942572143074,0.4502541733023553,0.0090376111783274,-0.1738563535406583,-0.1488304887335278,0.026645475701062,-0.1556920357429205,0.278156545488718,1.806676837496627,0.6250672885108959,-0.3639054223689227,0.4239569184546068,0.4239569184546073,0.0032663547917654,0.9970974470400272,0.9970974470400272,-1.389344902438857,1.0402176532637073,1.0402176532637106
2017,Telecommunications Equipment,1363.621569,0.0083915173476923,-25.74771397511732,1666.1202423333332,-0.4489621877723792,-0.456478509571335,-1.0654224484607415,-0.4458365467986607,0.0064119637805143,0.0082780206354801,0.3049644228805562,0.0082746073791863,-0.2100426621501188,-0.1941428046344784,-1.1657331489097116,-0.1665906190531972,0.2791585865318872,1.7927644389669486,0.620253928951984,-0.3590133469522378,0.3964416497891794,0.3964416497891798,0.0046499900043096,0.9894192520423168,0.989419252042317,-1.28399369986957,0.816728299648323,0.8167282996483247
2018,Telecommunications Equipment,1256.460067,0.0071286726710172,-7.858595407711677,1485.5174866666666,-0.451567544147275,-0.4617992483073515,-0.3949769895070766,-0.4503200479382355,0.0058995808754945,0.0070150314171624,0.3982155186637979,0.0073635251110194,-0.2182435404245814,-0.2104184348877164,-0.4004306206125307,-0.1796043235895458,0.2916950862542443,1.7337545577048512,0.599837911150506,-0.2978087660410091,0.2797347618016126,0.2797347618016133,0.0219606007583781,0.9568519435257032,0.9568519435257034,0.0340514348713296,-0.1312089084508666,-0.131208908450863
2019,Telecommunications Equipment,1420.43,0.0088832182981444,13.050150761377122,1346.837212,-0.447581036845121,-0.4544068278024458,0.388637578681981,-0.4537628147288605,0.0066835880892647,0.0087697778646372,0.5072071095224833,0.0066639281490188,-0.2056952144296286,-0.1878057284979307,0.4940525953399174,-0.1895972171800658,0.2879311313263753,1.7648229616543092,0.61058684123695,-0.3161848111118783,0.3411803478989162,0.341180347898917,0.0167632681619437,0.9739984666994528,0.9739984666994532,-0.3616780422501316,0.3678752359340099,0.3678752359340141
2020,Telecommunications Equipment,950.616,0.0082692456409756,-33.075477144245056,1209.168689,-0.4590033562142104,-0.4569936764942849,-1.3400511576684135,-0.4571804645729928,0.0044372154867325,0.0081557349338884,0.2667667921484156,0.0059694351457031,-0.2416492403972599,-0.1957186509168517,-1.4792173297521505,-0.1995172069147971,0.2913712082681583,1.7758792093488505,0.6144120404226038,-0.2993899742605102,0.3630468596364753,0.363046859636476,0.0215133845598289,0.9801003639072262,0.9801003639072264,0.0,0.5454832627162697,0.5454832627162732
2021,Telecommunications Equipment,1216.744779,0.0079943951548169,27.995402875609063,1195.9302596666666,-0.4525331192543841,-0.4581517030159375,0.9487532923293308,-0.4575091113468645,0.0057096858641392,0.0078808529891177,0.5851126324333894,0.0059026515676815,-0.2212828804528989,-0.1992609431482443,1.1334155234777026,-0.2004711292801197,0.2934581320860743,1.7331835630887176,0.5996403605708708,-0.2892013809132442,0.2786054762771997,0.2786054762772004,0.0243950442483712,0.9565368139672762,0.9565368139672764,0.2194121043111927,-0.1403813899180518,-0.1403813899180485
2022,Telecommunications Equipment,728.797599,0.0034843024153065,-40.10267300271686,965.386126,-0.4643963002690122,-0.4771540598262149,-1.6034152543810716,-0.4632324176286609,0.0033766111225716,0.0033702440371034,0.2301359368261241,0.0047396312613841,-0.2586246062859997,-0.2573873328712853,-1.779843139630042,-0.2170834629460794,0.3023131332714698,1.6435528979887315,0.5686302786133768,-0.2459702838348434,0.1013382835910474,0.1013382835910481,0.0366221795845476,0.9070700219584024,0.9070700219584026,1.1503969476898692,-1.5802121541518992,-1.5802121541518972
2023,Telecommunications Equipment,863.261681,0.0043866260201022,18.450126919257315,936.2680196666666,-0.4611271518650153,-0.4733523031690946,0.5910170016740821,-0.4639552807015186,0.0040195388127414,0.0042726709193158,0.5353557123744535,0.0045927398683653,-0.2483343103477312,-0.24575812333216,0.7250653973848389,-0.2191816282319922,0.2922472202481632,1.710958418327806,0.5919509881916274,-0.2951131866964506,0.2346496603249786,0.2346496603249787,0.0227229967113549,0.9442708488310284,0.9442708488310284,0.0921009335772603,-0.4974070477173519,-0.4974070477173535
2024,Telecommunications Equipment,1012.174153,0.0053609783320268,17.249980542110976,868.077811,-0.457506728009565,-0.4692470682305954,0.5460381120990802,-0.4656481168774466,0.0047315501561159,0.00524713475286,0.5290996766537726,0.0042487424041546,-0.2369383049387988,-0.2332006027928765,0.6737227304280512,-0.2240952145423684,0.287523897173771,1.741922421611935,0.6026637981267297,-0.3181729733736647,0.2958887678377845,0.2958887678377847,0.0162009523594774,0.9613597537109536,0.9613597537109538,-0.4044932622419769,0.0,0.0
2015,Textiles,634.4969400000001,0.0036731326849175,,634.4969400000001,-0.4666889783156724,-0.476358461960057,-0.0441786041770094,-0.4714468107979551,0.002925721160207,0.0035590959196949,0.4470074575070757,0.0030704027439123,-0.2658412672251177,-0.2549536751890915,0.0,-0.2409263665882837,0.2757910220232641,1.811936077922884,0.6268868608243495,-0.3754541700692546,0.4343583897031356,0.4343583897031354,0.0,1.0,1.0,-1.6380480304097882,1.124702312099824,1.1247023120998212
2016,Textiles,628.402997,0.0040744537184988,-0.9604369407991252,631.4499685000001,-0.4668371368702557,-0.4746675775556691,-0.1364489350443568,-0.4715224525019926,0.0028965835300032,0.0039604628873506,0.4341737372592114,0.0030550317619191,-0.2663076257943967,-0.2497814217235159,-0.1053250738841661,-0.2411459224122539,0.278156545488718,1.806676837496627,0.6250672885108959,-0.3639054223689227,0.4239569184546068,0.4239569184546073,0.0032663547917654,0.9970974470400272,0.9970974470400272,-1.389344902438857,1.0402176532637073,1.0402176532637106
2017,Textiles,638.300957,0.0039280058892307,1.5750975166020753,633.7336313333334,-0.4665964934236525,-0.4752846056450172,-0.0414225894712159,-0.4714657600950697,0.0029439097190162,0.0038139982960767,0.4473907868113134,0.0030665520995034,-0.2655501526010339,-0.2516688515591727,0.0031459457204164,-0.2409813683706284,0.2791585865318872,1.7927644389669486,0.620253928951984,-0.3590133469522378,0.3964416497891794,0.3964416497891798,0.0046499900043096,0.9894192520423168,0.989419252042317,-1.28399369986957,0.816728299648323,0.8167282996483247
2018,Textiles,971.526946,0.0055120713908905,52.20515265497243,746.0769666666666,-0.4584949603308995,-0.4686104684128285,1.8560823337697776,-0.4686768133255072,0.0045371992594328,0.0053982451054094,0.7113114547541882,0.0036332877530714,-0.2400489630630558,-0.2312533049142721,2.1691167876722908,-0.2328862373342321,0.2916950862542443,1.7337545577048512,0.599837911150506,-0.2978087660410091,0.2797347618016126,0.2797347618016133,0.0219606007583781,0.9568519435257032,0.9568519435257034,0.0340514348713296,-0.1312089084508666,-0.131208908450863
2019,Textiles,1058.9499999999998,0.0066225607856917,8.99852076773997,889.5926343333332,-0.456369493565309,-0.4639316476140498,0.236791252639745,-0.4651140068934839,0.0049552045835298,0.0065088616036969,0.4860870674594099,0.0043572777029068,-0.2333586329458485,-0.2169412401578108,0.320722497148004,-0.2225449195151513,0.2879311313263753,1.7648229616543092,0.61058684123695,-0.3161848111118783,0.3411803478989162,0.341180347898917,0.0167632681619437,0.9739984666994528,0.9739984666994532,-0.3616780422501316,0.3678752359340099,0.3678752359340141
2020,Textiles,905.435,0.0078762238663527,-14.496907313848617,978.6373153333332,-0.4601018160545191,-0.4586495936620555,-0.6437665570767552,-0.4629034540851235,0.0042211866741492,0.0077626681751009,0.3636118093158094,0.0048064792094631,-0.2451068615989345,-0.2007839429542504,-0.6844198437958532,-0.2161286211326051,0.2913712082681583,1.7758792093488505,0.6144120404226038,-0.2993899742605102,0.3630468596364753,0.363046859636476,0.0215133845598289,0.9801003639072262,0.9801003639072264,0.0,0.5454832627162697,0.5454832627162732
2021,Textiles,922.250587,0.0060594758666639,1.8571832323689863,962.2118623333332,-0.4596929882948255,-0.466304091189792,-0.0308506271658061,-0.4633112193873289,0.0043015888629565,0.0059457122355563,0.4488612227079144,0.0047236181317366,-0.2438199947715113,-0.2241983178590844,0.0152136678197197,-0.2173121910699997,0.2934581320860743,1.7331835630887176,0.5996403605708708,-0.2892013809132442,0.2786054762771997,0.2786054762772004,0.0243950442483712,0.9565368139672762,0.9565368139672764,0.2194121043111927,-0.1403813899180518,-0.1403813899180485
2022,Textiles,1054.338762,0.0050406794698947,14.322373643552888,960.674783,-0.4564816039603225,-0.4705965822241415,0.436317739720535,-0.4633493777028938,0.0049331563714566,0.0049267992302229,0.513838860404808,0.0047158640655254,-0.2337115227507392,-0.2373286368630048,0.5484787195012625,-0.217422948495705,0.3023131332714698,1.6435528979887315,0.5686302786133768,-0.2459702838348434,0.1013382835910474,0.1013382835910481,0.0366221795845476,0.9070700219584024,0.9070700219584026,1.1503969476898692,-1.5802121541518992,-1.5802121541518972
2023,Textiles,1368.132254,0.0069521034889275,29.762112834091205,1114.907201,-0.448852522065007,-0.4625431865794793,1.014965759114068,-0.4595205257049838,0.0064335312076294,0.0068384420254618,0.5943220095717241,0.0054939165415112,-0.2096974674866524,-0.2126940708189497,1.208995971608763,-0.2063094130993618,0.2922472202481632,1.710958418327806,0.5919509881916274,-0.2951131866964506,0.2346496603249786,0.2346496603249787,0.0227229967113549,0.9442708488310284,0.9442708488310284,0.0921009335772603,-0.4974070477173519,-0.4974070477173535
2024,Textiles,1415.220139,0.0074957105728692,3.4417641176377023,1279.230385,-0.4477077012191298,-0.4602528088931934,0.0285360360099223,-0.4554411683330379,0.0066586776161553,0.0073821113291382,0.4571212106638171,0.0063228736559168,-0.2060939157831042,-0.2056880248144875,0.0830025727463754,-0.1944687667196636,0.287523897173771,1.741922421611935,0.6026637981267297,-0.3181729733736647,0.2958887678377845,0.2958887678377847,0.0162009523594774,0.9613597537109536,0.9613597537109538,-0.4044932622419769,0.0,0.0
2015,Total Merchandise,172740.00000200002,1.0,,172740.00000200002,3.717613790763029,3.721461788282156,-0.0441786041770094,3.801108257684776,0.8258324179029483,1.0000000000000002,0.4470074575070757,0.8712867902233309,12.905085368131392,12.58577646628908,0.0,12.160491084994336,0.2757910220232641,1.811936077922884,0.6268868608243495,-0.3754541700692546,0.4343583897031356,0.4343583897031354,0.0,1.0,1.0,-1.6380480304097882,1.124702312099824,1.1247023120998212
2016,Total Merchandise,154229.999999,1.0,-10.71552622599613,163485.0000005,3.267590735775076,3.721461788282156,-0.5020485753119536,3.571350949163551,0.7373285485427127,1.0000000000000002,0.3833231175441951,0.8245983199277025,11.488548141125138,12.58577646628908,-0.5226510849783337,11.493602946666462,0.278156545488718,1.806676837496627,0.6250672885108959,-0.3639054223689227,0.4239569184546068,0.4239569184546073,0.0032663547917654,0.9970974470400272,0.9970974470400272,-1.389344902438857,1.0402176532637073,1.0402176532637106
2017,Total Merchandise,162500.0,1.0,5.362121507523598,163156.666667,3.4686545210045305,3.721461788282156,0.1005068760916106,3.563200005566519,0.7768707959537892,1.0000000000000002,0.4671315099542799,0.8229419848563148,12.121436464564338,12.58577646628908,0.1651561098352063,11.469944210254436,0.2791585865318872,1.7927644389669486,0.620253928951984,-0.3590133469522378,0.3964416497891794,0.3964416497891798,0.0046499900043096,0.9894192520423168,0.989419252042317,-1.28399369986957,0.816728299648323,0.8167282996483247
2018,Total Merchandise,176254.42,1.0,8.464258461538465,164328.1399996667,3.803057876325125,3.721461788282156,0.2167682573349038,3.59228207578524,0.8426362951762912,1.0000000000000002,0.4833021037787651,0.8288516874911569,13.174037651097107,12.58577646628908,0.2978665754227789,11.554357140540358,0.2916950862542443,1.7337545577048512,0.599837911150506,-0.2978087660410091,0.2797347618016126,0.2797347618016133,0.0219606007583781,0.9568519435257032,0.9568519435257034,0.0340514348713296,-0.1312089084508666,-0.131208908450863
2019,Total Merchandise,159900.382083,1.0,-9.278654071200032,166218.267361,3.4054514957954467,3.721461788282156,-0.448197715771269,3.639204882401327,0.7644409610280514,1.0000000000000002,0.390813140176126,0.8383867663836757,11.92249235031117,12.58577646628908,-0.4611812093798319,11.690554171010142,0.2879311313263753,1.7648229616543092,0.61058684123695,-0.3161848111118783,0.3411803478989162,0.341180347898917,0.0167632681619437,0.9739984666994528,0.9739984666994532,-0.3616780422501316,0.3678752359340099,0.3678752359340141
2020,Total Merchandise,114958.007208,1.0,-28.10648373039636,150370.93643033333,2.312793211820117,3.721461788282156,-1.1538240354470046,3.245791581344059,0.5495531126201061,1.0000000000000002,0.2926687995075351,0.758442126804907,8.483132703083188,12.58577646628908,-1.2666421149151712,10.548642013246214,0.2913712082681583,1.7758792093488505,0.6144120404226038,-0.2993899742605102,0.3630468596364753,0.363046859636476,0.0215133845598289,0.9801003639072262,0.9801003639072264,0.0,0.5454832627162697,0.5454832627162732
2021,Total Merchandise,152199.729365,1.0,32.3959357521016,142352.70621866666,3.218229925779565,3.721461788282156,1.1136757435336218,3.046737341231955,0.7276209954941802,1.0000000000000002,0.608051410060521,0.7179927585714944,11.333175157143916,12.58577646628908,1.3216718047218048,9.970871876274195,0.2934581320860743,1.7331835630887176,0.5996403605708708,-0.2892013809132442,0.2786054762771997,0.2786054762772004,0.0243950442483712,0.9565368139672762,0.9565368139672764,0.2194121043111927,-0.1403813899180518,-0.1403813899180485
2022,Total Merchandise,209166.0,1.0,37.42862807488015,158774.57885766667,4.603218317906968,3.721461788282156,1.3022901630425638,3.4544137602274674,1.0,1.0000000000000002,0.6342854624578309,0.8008357745391094,15.692702062876602,12.58577646628908,1.5369720803755091,11.154183823362816,0.3023131332714698,1.6435528979887315,0.5686302786133768,-0.2459702838348434,0.1013382835910474,0.1013382835910481,0.0366221795845476,0.9070700219584024,0.9070700219584026,1.1503969476898692,-1.5802121541518992,-1.5802121541518972
2023,Total Merchandise,196794.0,1.0,-5.914919250738649,186053.2431216667,4.30242495024578,3.721461788282156,-0.3221322124875198,4.131612299431677,0.9408444153675112,1.0000000000000002,0.408347372326825,0.9384477795080736,14.745895008868988,12.58577646628908,-0.3172794987997062,13.119804312194974,0.2922472202481632,1.710958418327806,0.5919509881916274,-0.2951131866964506,0.2346496603249786,0.2346496603249787,0.0227229967113549,0.9442708488310284,0.9442708488310284,0.0921009335772603,-0.4974070477173519,-0.4974070477173535
2024,Total Merchandise,188804.0,1.0,-4.060083132615833,198254.66666666663,4.108168645071768,3.721461788282156,-0.2526169679094839,4.434515187964614,0.902640962311127,1.0000000000000002,0.4180161270987025,1.0,14.134434585209044,12.58577646628908,-0.2379289838244911,13.999003083837987,0.287523897173771,1.741922421611935,0.6026637981267297,-0.3181729733736647,0.2958887678377845,0.2958887678377847,0.0162009523594774,0.9613597537109536,0.9613597537109538,-0.4044932622419769,0.0,0.0
2025,Total Merchandise,191000.0,1.0,1.1631109510391813,192199.3333333333,4.161558738458768,3.721461788282156,-0.0568629545730956,4.284190272930575,0.913140935141142,1.0000000000000002,0.4452432132155571,0.9694528092471488,14.302490541448998,12.58577646628908,-0.0144789785631213,13.562673535165176,1.0,-0.0,-0.0,3.1602143156220164,-3.149201115314938,-3.149201115314938,1.0,0.0,0.0,74.50283188805955,-27.98231485561046,-27.98231485561049
2015,Transport Equipment,5468.835717,0.0316593476724365,,5468.835717,-0.3491544615723089,-0.3584442474023092,-0.0441786041770094,-0.3514333407057575,0.0260406691609301,0.0315485141305061,0.4470074575070757,0.0274580723659962,0.1041220414983017,0.1057346150951419,0.0,0.1074218977571786,0.2757910220232641,1.811936077922884,0.6268868608243495,-0.3754541700692546,0.4343583897031356,0.4343583897031354,0.0,1.0,1.0,-1.6380480304097882,1.124702312099824,1.1247023120998212
2016,Transport Equipment,4535.695374,0.0294086453610154,-17.062870257728026,5002.2655455,-0.3718413696123578,-0.3679271230027747,-0.7399332964879313,-0.3630160426855254,0.0215789440934935,0.0292975542100417,0.3502361443631538,0.0251043773266258,0.0327104783612596,0.0767274067603496,-0.7941926043188765,0.0738022204994237,0.278156545488718,1.806676837496627,0.6250672885108959,-0.3639054223689227,0.4239569184546068,0.4239569184546073,0.0032663547917654,0.9970974470400272,0.9970974470400272,-1.389344902438857,1.0402176532637073,1.0402176532637106
2017,Transport Equipment,4644.030193,0.0285786473415384,2.388494157279797,4882.853761333333,-0.3692074870515774,-0.3714241505427533,-0.0109382432461223,-0.3659804651740618,0.0220969371062642,0.0284674611913306,0.4516308016428885,0.0245019836435237,0.0410011484892775,0.0660303344081945,0.0379433284575006,0.0651977577847385,0.2791585865318872,1.7927644389669486,0.620253928951984,-0.3590133469522378,0.3964416497891794,0.3964416497891798,0.0046499900043096,0.9894192520423168,0.989419252042317,-1.28399369986957,0.816728299648323,0.8167282996483247
2018,Transport Equipment,6015.065672,0.0341271763397479,29.52253585832792,5064.930412999999,-0.3358742847470689,-0.3480465541415773,1.0059869324119517,-0.3614603742583719,0.0286524176520231,0.0340166252585315,0.5930731601423807,0.0254205012384981,0.1459240439638902,0.1375401630452284,1.1987467877497269,0.0783176669412242,0.2916950862542443,1.7337545577048512,0.599837911150506,-0.2978087660410091,0.2797347618016126,0.2797347618016133,0.0219606007583781,0.9568519435257032,0.9568519435257034,0.0340514348713296,-0.1312089084508666,-0.131208908450863
2019,Transport Equipment,4525.304,0.0283007703987288,-24.76717218458325,5061.4666216666665,-0.3720940091516471,-0.372594928422853,-1.0286738636547994,-0.3615463636018508,0.0215292586906399,0.0281895524435093,0.3100757197890111,0.0254030275357699,0.031915245076097,0.0624490369924452,-1.1237852402651776,0.0780680763033563,0.2879311313263753,1.7648229616543092,0.61058684123695,-0.3161848111118783,0.3411803478989162,0.341180347898917,0.0167632681619437,0.9739984666994528,0.9739984666994532,-0.3616780422501316,0.3678752359340099,0.3678752359340141
2020,Transport Equipment,2399.877,0.0208761186652946,-46.9676070381128,4313.415557333333,-0.4237683015092298,-0.4038771857021296,-1.860698129035032,-0.3801168875510467,0.0113667241951115,0.0207640509053631,0.1943509081301473,0.0216293527771443,-0.1307398855719988,-0.0332403922813079,-2.073527333967841,0.0241657120044273,0.2913712082681583,1.7758792093488505,0.6144120404226038,-0.2993899742605102,0.3630468596364753,0.363046859636476,0.0215133845598289,0.9801003639072262,0.9801003639072264,0.0,0.5454832627162697,0.5454832627162732
2021,Transport Equipment,2467.911516,0.0162149533793292,2.8349167894854643,3131.030838666667,-0.4221142171910242,-0.4235160559053194,0.0057927111275473,-0.4094698352067409,0.0116920250008962,0.0161023521155559,0.4539578810615171,0.0156646057424035,-0.1255333256249576,-0.0933138155175996,0.0570414392911205,-0.0610334607336752,0.2934581320860743,1.7331835630887176,0.5996403605708708,-0.2892013809132442,0.2786054762771997,0.2786054762772004,0.0243950442483712,0.9565368139672762,0.9565368139672764,0.2194121043111927,-0.1403813899180518,-0.1403813899180485
2022,Transport Equipment,2320.964876,0.0110962817857586,-5.954291272086277,2396.251130666667,-0.4256868468961726,-0.4450825357170447,-0.3236077906622007,-0.4277108949624112,0.0109894131031449,0.0109830946532609,0.4081421367183721,0.0119578806678245,-0.1367788894234314,-0.1592836119489792,-0.3189638471575068,-0.1139795300442964,0.3023131332714698,1.6435528979887315,0.5686302786133768,-0.2459702838348434,0.1013382835910474,0.1013382835910481,0.0366221795845476,0.9070700219584024,0.9070700219584026,1.1503969476898692,-1.5802121541518992,-1.5802121541518972
2023,Transport Equipment,4108.265058,0.0208759670416781,77.00677422918486,2965.7138166666664,-0.382233238686891,-0.4038778245373438,2.785593449505507,-0.4135738648146618,0.0195352251933456,0.0207638992643921,0.8405955433067973,0.0148306350379456,0.0,-0.0332423464170503,3.2301385269545158,-0.0729457201629157,0.2922472202481632,1.710958418327806,0.5919509881916274,-0.2951131866964506,0.2346496603249786,0.2346496603249787,0.0227229967113549,0.9442708488310284,0.9442708488310284,0.0921009335772603,-0.4974070477173519,-0.4974070477173535
2024,Transport Equipment,4279.701973,0.0226674327503654,4.172976002757234,3569.643969,-0.3780651909173878,-0.3963298487913843,0.0559402754118883,-0.3985811726145071,0.0203549350975175,0.0225555700191955,0.4609328187807963,0.0178772665855717,0.0131197607855887,-0.0101538114416196,0.1142840639106481,-0.029428285813443,0.287523897173771,1.741922421611935,0.6026637981267297,-0.3181729733736647,0.2958887678377845,0.2958887678377847,0.0162009523594774,0.9613597537109536,0.9613597537109538,-0.4044932622419769,0.0,0.0
